{
    "components": {
        "schemas": {
            "bridge.metrics": {
                "properties": {
                    "dropped": {
                        "description": "Count of messages dropped.",
                        "label": "Dropped",
                        "type": "number"
                    },
                    "dropped.other": {
                        "description": "Count of messages dropped due to other reasons.",
                        "label": "Dropped Other",
                        "type": "number"
                    },
                    "dropped.queue_full": {
                        "description": "Count of messages dropped due to the queue is full.",
                        "label": "Dropped Queue Full",
                        "type": "number"
                    },
                    "dropped.resource_not_found": {
                        "description": "Count of messages dropped due to the resource is not found.",
                        "label": "Dropped Resource NotFound",
                        "type": "number"
                    },
                    "dropped.resource_stopped": {
                        "description": "Count of messages dropped due to the resource is stopped.",
                        "label": "Dropped Resource Stopped",
                        "type": "number"
                    },
                    "matched": {
                        "description": "Count of this bridge is matched and queried.",
                        "label": "Matched",
                        "type": "number"
                    },
                    "queuing": {
                        "description": "Count of messages that are currently queuing.",
                        "label": "Queued",
                        "type": "number"
                    },
                    "retried": {
                        "description": "Times of retried.",
                        "label": "Retried",
                        "type": "number"
                    },
                    "failed": {
                        "description": "Count of messages that sent failed.",
                        "label": "Sent Failed",
                        "type": "number"
                    },
                    "inflight": {
                        "description": "Count of messages that were sent asynchronously but ACKs are not yet received.",
                        "label": "Sent Inflight",
                        "type": "number"
                    },
                    "success": {
                        "description": "Count of messages that sent successfully.",
                        "label": "Sent Success",
                        "type": "number"
                    },
                    "rate": {
                        "description": "The rate of matched, times/second",
                        "label": "Rate",
                        "type": "number"
                    },
                    "rate_max": {
                        "description": "The max rate of matched, times/second",
                        "label": "Max Rate Of Matched",
                        "type": "number"
                    },
                    "rate_last5m": {
                        "description": "The average rate of matched in the last 5 minutes, times/second",
                        "label": "Last 5 Minutes Rate",
                        "type": "number"
                    },
                    "received": {
                        "description": "Count of messages that is received from the remote system.",
                        "label": "Received",
                        "type": "number"
                    }
                },
                "type": "object"
            },
            "bridge.node_metrics": {
                "properties": {
                    "node": {
                        "description": "The node name.",
                        "example": "emqx@127.0.0.1",
                        "label": "Node Name",
                        "type": "string"
                    },
                    "metrics": {
                        "description": "metrics Description",
                        "label": "metrics",
                        "$ref": "#/components/schemas/bridge.metrics"
                    }
                },
                "type": "object"
            },
            "bridge.node_status": {
                "properties": {
                    "node": {
                        "description": "The node name.",
                        "example": "emqx@127.0.0.1",
                        "label": "Node Name",
                        "type": "string"
                    },
                    "status": {
                        "description": "status Description",
                        "label": "status",
                        "symbols": [
                            "connected",
                            "disconnected",
                            "connecting"
                        ],
                        "type": "enum"
                    }
                },
                "type": "object"
            },
            "bridge_mqtt.creation_opts": {
                "properties": {
                    "worker_pool_size": {
                        "default": 16,
                        "description": "The number of buffer workers. Only applicable for egress type bridges.<br/>For bridges only have ingress direction data flow, it can be set to 0 otherwise must be greater than 0.",
                        "label": "Buffer Pool Size",
                        "minimum": 1,
                        "type": "number"
                    },
                    "health_check_interval": {
                        "default": "15s",
                        "description": "Health check interval.",
                        "label": "Health Check Interval",
                        "type": "duration"
                    },
                    "start_after_created": {
                        "default": "true",
                        "description": "Whether start the resource right after created.",
                        "label": "Start After Created",
                        "type": "boolean"
                    },
                    "start_timeout": {
                        "default": "5s",
                        "description": "Time interval to wait for an auto-started resource to become healthy before responding resource creation requests.",
                        "label": "Start Timeout",
                        "type": "duration"
                    },
                    "auto_restart_interval": {
                        "default": "60s",
                        "description": "The auto restart interval after the resource is disconnected.",
                        "label": "Auto Restart Interval",
                        "oneOf": [
                            {
                                "type": "duration"
                            },
                            {
                                "symbols": [
                                    "infinity"
                                ],
                                "type": "enum"
                            }
                        ]
                    },
                    "query_mode": {
                        "default": "async",
                        "description": "Query mode. Optional 'sync/async', default 'async'.",
                        "label": "Query mode",
                        "symbols": [
                            "sync",
                            "async"
                        ],
                        "type": "enum"
                    },
                    "request_timeout": {
                        "default": "15s",
                        "description": "Timeout for requests.  If <code>query_mode</code> is <code>sync</code>, calls to the resource will be blocked for this amount of time before timing out.",
                        "label": "Request timeout",
                        "oneOf": [
                            {
                                "type": "duration"
                            },
                            {
                                "symbols": [
                                    "infinity"
                                ],
                                "type": "enum"
                            }
                        ]
                    },
                    "async_inflight_window": {
                        "default": 100,
                        "description": "Async query inflight window.",
                        "label": "Async inflight window",
                        "type": "string"
                    },
                    "enable_queue": {
                        "default": false,
                        "deprecated": true,
                        "description": "Enable disk buffer queue (only applicable for egress bridges).<br/>When Enabled, messages will be buffered on disk when the bridge connection is down.<br/>When disabled the messages are buffered in RAM only.",
                        "label": "Enable disk buffer queue",
                        "type": "boolean"
                    },
                    "max_queue_bytes": {
                        "default": "100MB",
                        "description": "Maximum number of bytes to buffer for each buffer worker.",
                        "label": "Max buffer queue size",
                        "type": "byteSize"
                    }
                },
                "type": "object"
            },
            "bridge_mqtt.get": {
                "required": [
                    "server"
                ],
                "properties": {
                    "status": {
                        "description": "The status of the bridge",
                        "label": "Bridge Status",
                        "symbols": [
                            "connected",
                            "disconnected",
                            "connecting"
                        ],
                        "type": "enum"
                    },
                    "node_status": {
                        "description": "Node status.",
                        "items": {
                            "$ref": "#/components/schemas/bridge.node_status"
                        },
                        "label": "Node Status",
                        "type": "array"
                    },
                    "enable": {
                        "default": true,
                        "description": "Enable or disable this bridge",
                        "label": "Enable Or Disable Bridge",
                        "type": "boolean"
                    },
                    "resource_opts": {
                        "default": {},
                        "description": "Resource options.",
                        "label": "Resource Options",
                        "$ref": "#/components/schemas/bridge_mqtt.creation_opts"
                    },
                    "mode": {
                        "default": "cluster_shareload",
                        "description": "The mode of the MQTT Bridge.<br/><br/>- cluster_shareload: create an MQTT connection on each node in the emqx cluster.<br/><br/>In 'cluster_shareload' mode, the incoming load from the remote broker is shared by<br/>using shared subscription.<br/><br/>Note that the 'clientid' is suffixed by the node name, this is to avoid<br/>clientid conflicts between different nodes. And we can only use shared subscription<br/>topic filters for <code>remote.topic</code> of ingress connections.",
                        "label": "MQTT Bridge Mode",
                        "symbols": [
                            "cluster_shareload"
                        ],
                        "type": "enum"
                    },
                    "server": {
                        "description": "The host and port of the remote MQTT broker",
                        "label": "Broker IP And Port",
                        "type": "string"
                    },
                    "clientid_prefix": {
                        "description": "Optional prefix to prepend to the clientid used by egress bridges.",
                        "label": "Clientid Prefix",
                        "type": "string"
                    },
                    "reconnect_interval": {
                        "deprecated": true,
                        "description": "reconnect_interval Description",
                        "label": "reconnect_interval",
                        "type": "string"
                    },
                    "proto_ver": {
                        "default": "v4",
                        "description": "The MQTT protocol version",
                        "label": "Protocol Version",
                        "symbols": [
                            "v3",
                            "v4",
                            "v5"
                        ],
                        "type": "enum"
                    },
                    "bridge_mode": {
                        "default": false,
                        "description": "If enable bridge mode.<br/>NOTE: This setting is only for MQTT protocol version older than 5.0, and the remote MQTT<br/>broker MUST support this feature.<br/>If bridge_mode is set to true, the bridge will indicate to the remote broker that it is a bridge not an ordinary client.<br/>This means that loop detection will be more effective and that retained messages will be propagated correctly.",
                        "label": "Bridge Mode",
                        "type": "boolean"
                    },
                    "username": {
                        "description": "The username of the MQTT protocol",
                        "label": "Username",
                        "type": "string"
                    },
                    "password": {
                        "description": "The password of the MQTT protocol",
                        "format": "password",
                        "label": "Password",
                        "type": "string"
                    },
                    "clean_start": {
                        "default": true,
                        "description": "Whether to start a clean session when reconnecting a remote broker for ingress bridge",
                        "label": "Clean Session",
                        "type": "boolean"
                    },
                    "keepalive": {
                        "default": "300s",
                        "description": "MQTT Keepalive. Time interval is a string that contains a number followed by time unit:<br/>- `ms` for milliseconds,<br/>- `s` for seconds,<br/>- `m` for minutes,<br/>- `h` for hours;<br/><br/>or combination of whereof: `1h5m0s`",
                        "label": "keepalive",
                        "type": "string"
                    },
                    "retry_interval": {
                        "default": "15s",
                        "description": "Message retry interval. Delay for the MQTT bridge to retry sending the QoS1/QoS2 messages in case of ACK not received. Time interval is a string that contains a number followed by time unit:<br/>- `ms` for milliseconds,<br/>- `s` for seconds,<br/>- `m` for minutes,<br/>- `h` for hours;<br/><br/>or combination of whereof: `1h5m0s`",
                        "label": "retry_interval",
                        "type": "string"
                    },
                    "max_inflight": {
                        "default": 32,
                        "description": "Max inflight (sent, but un-acked) messages of the MQTT protocol",
                        "label": "Max Inflight Message",
                        "minimum": 1,
                        "type": "number"
                    },
                    "ssl": {
                        "default": {
                            "enable": false
                        },
                        "description": "SSL connection settings.",
                        "label": "Enable SSL",
                        "$ref": "#/components/schemas/broker.ssl_client_opts"
                    },
                    "ingress": {
                        "description": "The ingress config defines how this bridge receive messages from the remote MQTT broker, and then<br/>        send them to the local broker.<br/><br/>        Template with variables is allowed in 'remote.qos', 'local.topic', 'local.qos', 'local.retain', 'local.payload'.<br/><br/>        NOTE: if this bridge is used as the input of a rule, and also 'local.topic' is<br/>        configured, then messages got from the remote broker will be sent to both the 'local.topic' and<br/>        the rule.",
                        "label": "Ingress Configs",
                        "$ref": "#/components/schemas/connector-mqtt.ingress"
                    },
                    "egress": {
                        "description": "The egress config defines how this bridge forwards messages from the local broker to the remote broker.<br/><br/>Template with variables is allowed in 'remote.topic', 'local.qos', 'local.retain', 'local.payload'.<br/><br/>NOTE: if this bridge is used as the action of a rule, and also 'local.topic'<br/>is configured, then both the data got from the rule and the MQTT messages that matches<br/>'local.topic' will be forwarded.",
                        "label": "Egress Configs",
                        "$ref": "#/components/schemas/connector-mqtt.egress"
                    }
                },
                "type": "object"
            },
            "bridge_mqtt.post": {
                "required": [
                    "server",
                    "name",
                    "type"
                ],
                "properties": {
                    "type": {
                        "description": "The bridge type.",
                        "label": "Bridge Type",
                        "symbols": [
                            "mqtt"
                        ],
                        "type": "enum"
                    },
                    "name": {
                        "description": "Bridge name, used as a human-readable description of the bridge.",
                        "label": "Bridge Name",
                        "type": "string"
                    },
                    "enable": {
                        "default": true,
                        "description": "Enable or disable this bridge",
                        "label": "Enable Or Disable Bridge",
                        "type": "boolean"
                    },
                    "resource_opts": {
                        "default": {},
                        "description": "Resource options.",
                        "label": "Resource Options",
                        "$ref": "#/components/schemas/bridge_mqtt.creation_opts"
                    },
                    "mode": {
                        "default": "cluster_shareload",
                        "description": "The mode of the MQTT Bridge.<br/><br/>- cluster_shareload: create an MQTT connection on each node in the emqx cluster.<br/><br/>In 'cluster_shareload' mode, the incoming load from the remote broker is shared by<br/>using shared subscription.<br/><br/>Note that the 'clientid' is suffixed by the node name, this is to avoid<br/>clientid conflicts between different nodes. And we can only use shared subscription<br/>topic filters for <code>remote.topic</code> of ingress connections.",
                        "label": "MQTT Bridge Mode",
                        "symbols": [
                            "cluster_shareload"
                        ],
                        "type": "enum"
                    },
                    "server": {
                        "description": "The host and port of the remote MQTT broker",
                        "label": "Broker IP And Port",
                        "type": "string"
                    },
                    "clientid_prefix": {
                        "description": "Optional prefix to prepend to the clientid used by egress bridges.",
                        "label": "Clientid Prefix",
                        "type": "string"
                    },
                    "reconnect_interval": {
                        "deprecated": true,
                        "description": "reconnect_interval Description",
                        "label": "reconnect_interval",
                        "type": "string"
                    },
                    "proto_ver": {
                        "default": "v4",
                        "description": "The MQTT protocol version",
                        "label": "Protocol Version",
                        "symbols": [
                            "v3",
                            "v4",
                            "v5"
                        ],
                        "type": "enum"
                    },
                    "bridge_mode": {
                        "default": false,
                        "description": "If enable bridge mode.<br/>NOTE: This setting is only for MQTT protocol version older than 5.0, and the remote MQTT<br/>broker MUST support this feature.<br/>If bridge_mode is set to true, the bridge will indicate to the remote broker that it is a bridge not an ordinary client.<br/>This means that loop detection will be more effective and that retained messages will be propagated correctly.",
                        "label": "Bridge Mode",
                        "type": "boolean"
                    },
                    "username": {
                        "description": "The username of the MQTT protocol",
                        "label": "Username",
                        "type": "string"
                    },
                    "password": {
                        "description": "The password of the MQTT protocol",
                        "format": "password",
                        "label": "Password",
                        "type": "string"
                    },
                    "clean_start": {
                        "default": true,
                        "description": "Whether to start a clean session when reconnecting a remote broker for ingress bridge",
                        "label": "Clean Session",
                        "type": "boolean"
                    },
                    "keepalive": {
                        "default": "300s",
                        "description": "MQTT Keepalive. Time interval is a string that contains a number followed by time unit:<br/>- `ms` for milliseconds,<br/>- `s` for seconds,<br/>- `m` for minutes,<br/>- `h` for hours;<br/><br/>or combination of whereof: `1h5m0s`",
                        "label": "keepalive",
                        "type": "string"
                    },
                    "retry_interval": {
                        "default": "15s",
                        "description": "Message retry interval. Delay for the MQTT bridge to retry sending the QoS1/QoS2 messages in case of ACK not received. Time interval is a string that contains a number followed by time unit:<br/>- `ms` for milliseconds,<br/>- `s` for seconds,<br/>- `m` for minutes,<br/>- `h` for hours;<br/><br/>or combination of whereof: `1h5m0s`",
                        "label": "retry_interval",
                        "type": "string"
                    },
                    "max_inflight": {
                        "default": 32,
                        "description": "Max inflight (sent, but un-acked) messages of the MQTT protocol",
                        "label": "Max Inflight Message",
                        "minimum": 1,
                        "type": "number"
                    },
                    "ssl": {
                        "default": {
                            "enable": false
                        },
                        "description": "SSL connection settings.",
                        "label": "Enable SSL",
                        "$ref": "#/components/schemas/broker.ssl_client_opts"
                    },
                    "ingress": {
                        "description": "The ingress config defines how this bridge receive messages from the remote MQTT broker, and then<br/>        send them to the local broker.<br/><br/>        Template with variables is allowed in 'remote.qos', 'local.topic', 'local.qos', 'local.retain', 'local.payload'.<br/><br/>        NOTE: if this bridge is used as the input of a rule, and also 'local.topic' is<br/>        configured, then messages got from the remote broker will be sent to both the 'local.topic' and<br/>        the rule.",
                        "label": "Ingress Configs",
                        "$ref": "#/components/schemas/connector-mqtt.ingress"
                    },
                    "egress": {
                        "description": "The egress config defines how this bridge forwards messages from the local broker to the remote broker.<br/><br/>Template with variables is allowed in 'remote.topic', 'local.qos', 'local.retain', 'local.payload'.<br/><br/>NOTE: if this bridge is used as the action of a rule, and also 'local.topic'<br/>is configured, then both the data got from the rule and the MQTT messages that matches<br/>'local.topic' will be forwarded.",
                        "label": "Egress Configs",
                        "$ref": "#/components/schemas/connector-mqtt.egress"
                    }
                },
                "type": "object"
            },
            "bridge_mqtt.put": {
                "required": [
                    "server"
                ],
                "properties": {
                    "enable": {
                        "default": true,
                        "description": "Enable or disable this bridge",
                        "label": "Enable Or Disable Bridge",
                        "type": "boolean"
                    },
                    "resource_opts": {
                        "default": {},
                        "description": "Resource options.",
                        "label": "Resource Options",
                        "$ref": "#/components/schemas/bridge_mqtt.creation_opts"
                    },
                    "mode": {
                        "default": "cluster_shareload",
                        "description": "The mode of the MQTT Bridge.<br/><br/>- cluster_shareload: create an MQTT connection on each node in the emqx cluster.<br/><br/>In 'cluster_shareload' mode, the incoming load from the remote broker is shared by<br/>using shared subscription.<br/><br/>Note that the 'clientid' is suffixed by the node name, this is to avoid<br/>clientid conflicts between different nodes. And we can only use shared subscription<br/>topic filters for <code>remote.topic</code> of ingress connections.",
                        "label": "MQTT Bridge Mode",
                        "symbols": [
                            "cluster_shareload"
                        ],
                        "type": "enum"
                    },
                    "server": {
                        "description": "The host and port of the remote MQTT broker",
                        "label": "Broker IP And Port",
                        "type": "string"
                    },
                    "clientid_prefix": {
                        "description": "Optional prefix to prepend to the clientid used by egress bridges.",
                        "label": "Clientid Prefix",
                        "type": "string"
                    },
                    "reconnect_interval": {
                        "deprecated": true,
                        "description": "reconnect_interval Description",
                        "label": "reconnect_interval",
                        "type": "string"
                    },
                    "proto_ver": {
                        "default": "v4",
                        "description": "The MQTT protocol version",
                        "label": "Protocol Version",
                        "symbols": [
                            "v3",
                            "v4",
                            "v5"
                        ],
                        "type": "enum"
                    },
                    "bridge_mode": {
                        "default": false,
                        "description": "If enable bridge mode.<br/>NOTE: This setting is only for MQTT protocol version older than 5.0, and the remote MQTT<br/>broker MUST support this feature.<br/>If bridge_mode is set to true, the bridge will indicate to the remote broker that it is a bridge not an ordinary client.<br/>This means that loop detection will be more effective and that retained messages will be propagated correctly.",
                        "label": "Bridge Mode",
                        "type": "boolean"
                    },
                    "username": {
                        "description": "The username of the MQTT protocol",
                        "label": "Username",
                        "type": "string"
                    },
                    "password": {
                        "description": "The password of the MQTT protocol",
                        "format": "password",
                        "label": "Password",
                        "type": "string"
                    },
                    "clean_start": {
                        "default": true,
                        "description": "Whether to start a clean session when reconnecting a remote broker for ingress bridge",
                        "label": "Clean Session",
                        "type": "boolean"
                    },
                    "keepalive": {
                        "default": "300s",
                        "description": "MQTT Keepalive. Time interval is a string that contains a number followed by time unit:<br/>- `ms` for milliseconds,<br/>- `s` for seconds,<br/>- `m` for minutes,<br/>- `h` for hours;<br/><br/>or combination of whereof: `1h5m0s`",
                        "label": "keepalive",
                        "type": "string"
                    },
                    "retry_interval": {
                        "default": "15s",
                        "description": "Message retry interval. Delay for the MQTT bridge to retry sending the QoS1/QoS2 messages in case of ACK not received. Time interval is a string that contains a number followed by time unit:<br/>- `ms` for milliseconds,<br/>- `s` for seconds,<br/>- `m` for minutes,<br/>- `h` for hours;<br/><br/>or combination of whereof: `1h5m0s`",
                        "label": "retry_interval",
                        "type": "string"
                    },
                    "max_inflight": {
                        "default": 32,
                        "description": "Max inflight (sent, but un-acked) messages of the MQTT protocol",
                        "label": "Max Inflight Message",
                        "minimum": 1,
                        "type": "number"
                    },
                    "ssl": {
                        "default": {
                            "enable": false
                        },
                        "description": "SSL connection settings.",
                        "label": "Enable SSL",
                        "$ref": "#/components/schemas/broker.ssl_client_opts"
                    },
                    "ingress": {
                        "description": "The ingress config defines how this bridge receive messages from the remote MQTT broker, and then<br/>        send them to the local broker.<br/><br/>        Template with variables is allowed in 'remote.qos', 'local.topic', 'local.qos', 'local.retain', 'local.payload'.<br/><br/>        NOTE: if this bridge is used as the input of a rule, and also 'local.topic' is<br/>        configured, then messages got from the remote broker will be sent to both the 'local.topic' and<br/>        the rule.",
                        "label": "Ingress Configs",
                        "$ref": "#/components/schemas/connector-mqtt.ingress"
                    },
                    "egress": {
                        "description": "The egress config defines how this bridge forwards messages from the local broker to the remote broker.<br/><br/>Template with variables is allowed in 'remote.topic', 'local.qos', 'local.retain', 'local.payload'.<br/><br/>NOTE: if this bridge is used as the action of a rule, and also 'local.topic'<br/>is configured, then both the data got from the rule and the MQTT messages that matches<br/>'local.topic' will be forwarded.",
                        "label": "Egress Configs",
                        "$ref": "#/components/schemas/connector-mqtt.egress"
                    }
                },
                "type": "object"
            },
            "bridge_webhook.creation_opts": {
                "properties": {
                    "worker_pool_size": {
                        "default": 16,
                        "description": "The number of buffer workers. Only applicable for egress type bridges.<br/>For bridges only have ingress direction data flow, it can be set to 0 otherwise must be greater than 0.",
                        "label": "Buffer Pool Size",
                        "minimum": 1,
                        "type": "number"
                    },
                    "health_check_interval": {
                        "default": "15s",
                        "description": "Health check interval.",
                        "label": "Health Check Interval",
                        "type": "duration"
                    },
                    "start_after_created": {
                        "default": "true",
                        "description": "Whether start the resource right after created.",
                        "label": "Start After Created",
                        "type": "boolean"
                    },
                    "start_timeout": {
                        "default": "5s",
                        "description": "Time interval to wait for an auto-started resource to become healthy before responding resource creation requests.",
                        "label": "Start Timeout",
                        "type": "duration"
                    },
                    "auto_restart_interval": {
                        "default": "60s",
                        "description": "The auto restart interval after the resource is disconnected.",
                        "label": "Auto Restart Interval",
                        "oneOf": [
                            {
                                "type": "duration"
                            },
                            {
                                "symbols": [
                                    "infinity"
                                ],
                                "type": "enum"
                            }
                        ]
                    },
                    "query_mode": {
                        "default": "async",
                        "description": "Query mode. Optional 'sync/async', default 'async'.",
                        "label": "Query mode",
                        "symbols": [
                            "sync",
                            "async"
                        ],
                        "type": "enum"
                    },
                    "request_timeout": {
                        "default": "15s",
                        "description": "Timeout for requests.  If <code>query_mode</code> is <code>sync</code>, calls to the resource will be blocked for this amount of time before timing out.",
                        "label": "Request timeout",
                        "oneOf": [
                            {
                                "type": "duration"
                            },
                            {
                                "symbols": [
                                    "infinity"
                                ],
                                "type": "enum"
                            }
                        ]
                    },
                    "async_inflight_window": {
                        "default": 100,
                        "description": "Async query inflight window.",
                        "label": "Async inflight window",
                        "type": "string"
                    },
                    "enable_queue": {
                        "default": false,
                        "deprecated": true,
                        "description": "Enable disk buffer queue (only applicable for egress bridges).<br/>When Enabled, messages will be buffered on disk when the bridge connection is down.<br/>When disabled the messages are buffered in RAM only.",
                        "label": "Enable disk buffer queue",
                        "type": "boolean"
                    },
                    "max_queue_bytes": {
                        "default": "100MB",
                        "description": "Maximum number of bytes to buffer for each buffer worker.",
                        "label": "Max buffer queue size",
                        "type": "byteSize"
                    }
                },
                "type": "object"
            },
            "bridge_webhook.get": {
                "required": [
                    "url",
                    "name",
                    "type"
                ],
                "properties": {
                    "status": {
                        "description": "The status of the bridge",
                        "label": "Bridge Status",
                        "symbols": [
                            "connected",
                            "disconnected",
                            "connecting"
                        ],
                        "type": "enum"
                    },
                    "node_status": {
                        "description": "Node status.",
                        "items": {
                            "$ref": "#/components/schemas/bridge.node_status"
                        },
                        "label": "Node Status",
                        "type": "array"
                    },
                    "type": {
                        "description": "The Bridge Type",
                        "label": "Bridge Type",
                        "symbols": [
                            "webhook"
                        ],
                        "type": "enum"
                    },
                    "name": {
                        "description": "Bridge name, used as a human-readable description of the bridge.",
                        "label": "Bridge Name",
                        "type": "string"
                    },
                    "enable": {
                        "default": true,
                        "description": "Enable or disable this bridge",
                        "label": "Enable Or Disable Bridge",
                        "type": "boolean"
                    },
                    "resource_opts": {
                        "default": {},
                        "description": "Resource options.",
                        "label": "Resource Options",
                        "$ref": "#/components/schemas/bridge_webhook.creation_opts"
                    },
                    "connect_timeout": {
                        "default": "15s",
                        "description": "The timeout when connecting to the HTTP server.",
                        "label": "Connect Timeout",
                        "type": "duration"
                    },
                    "retry_interval": {
                        "deprecated": true,
                        "description": "retry_interval Description",
                        "label": "retry_interval",
                        "type": "duration"
                    },
                    "pool_type": {
                        "default": "random",
                        "description": "The type of the pool. Can be one of `random`, `hash`.",
                        "label": "Pool Type",
                        "symbols": [
                            "random",
                            "hash"
                        ],
                        "type": "enum"
                    },
                    "pool_size": {
                        "default": 8,
                        "description": "The pool size.",
                        "label": "Pool Size",
                        "type": "string"
                    },
                    "enable_pipelining": {
                        "default": 100,
                        "description": "A positive integer. Whether to send HTTP requests continuously, when set to 1, it means that after each HTTP request is sent, you need to wait for the server to return and then continue to send the next request.",
                        "label": "HTTP Pipelineing",
                        "type": "string"
                    },
                    "request": {
                        "description": "Configure HTTP request parameters.",
                        "label": "Request",
                        "$ref": "#/components/schemas/connector-http.request"
                    },
                    "ssl": {
                        "default": {
                            "enable": false
                        },
                        "description": "SSL connection settings.",
                        "label": "Enable SSL",
                        "$ref": "#/components/schemas/broker.ssl_client_opts"
                    },
                    "url": {
                        "description": "The URL of the HTTP Bridge.<br/><br/>Template with variables is allowed in the path, but variables cannot be used in the scheme, host,<br/>or port part.<br/><br/>For example, <code> http://localhost:9901/${topic} </code> is allowed, but<br/><code> http://${host}:9901/message </code> or <code> http://localhost:${port}/message </code><br/>is not allowed.",
                        "label": "HTTP Bridge",
                        "type": "string"
                    },
                    "direction": {
                        "deprecated": true,
                        "description": "Deprecated, The direction of this bridge, MUST be 'egress'",
                        "label": "Bridge Direction",
                        "symbols": [
                            "egress"
                        ],
                        "type": "enum"
                    },
                    "local_topic": {
                        "description": "The MQTT topic filter to be forwarded to the HTTP server. All MQTT 'PUBLISH' messages with the topic<br/>matching the local_topic will be forwarded.<br/><br/>NOTE: if this bridge is used as the action of a rule (EMQX rule engine), and also local_topic is<br/>configured, then both the data got from the rule and the MQTT messages that match local_topic<br/>will be forwarded.",
                        "label": "Local Topic",
                        "type": "string"
                    },
                    "method": {
                        "default": "post",
                        "description": "The method of the HTTP request. All the available methods are: post, put, get, delete.<br/><br/>Template with variables is allowed.",
                        "label": "HTTP Method",
                        "symbols": [
                            "post",
                            "put",
                            "get",
                            "delete"
                        ],
                        "type": "enum"
                    },
                    "headers": {
                        "default": {
                            "accept": "application/json",
                            "cache-control": "no-cache",
                            "connection": "keep-alive",
                            "content-type": "application/json",
                            "keep-alive": "timeout=5"
                        },
                        "description": "The headers of the HTTP request.<br/><br/>Template with variables is allowed.",
                        "label": "HTTP Header",
                        "type": "object"
                    },
                    "body": {
                        "description": "The body of the HTTP request.<br/><br/>If not provided, the body will be a JSON object of all the available fields.<br/><br/>There, 'all the available fields' means the context of a MQTT message when<br/>this webhook is triggered by receiving a MQTT message (the `local_topic` is set),<br/>or the context of the event when this webhook is triggered by a rule (i.e. this<br/>webhook is used as an action of a rule).<br/><br/>Template with variables is allowed.",
                        "label": "HTTP Body",
                        "type": "string"
                    },
                    "max_retries": {
                        "default": 2,
                        "description": "HTTP request max retry times if failed.",
                        "label": "HTTP Request Max Retries",
                        "minimum": 1,
                        "type": "number"
                    },
                    "request_timeout": {
                        "default": "15s",
                        "description": "HTTP request timeout.",
                        "label": "HTTP Request Timeout",
                        "type": "duration"
                    }
                },
                "type": "object"
            },
            "bridge_webhook.post": {
                "required": [
                    "url",
                    "name",
                    "type"
                ],
                "properties": {
                    "type": {
                        "description": "The Bridge Type",
                        "label": "Bridge Type",
                        "symbols": [
                            "webhook"
                        ],
                        "type": "enum"
                    },
                    "name": {
                        "description": "Bridge name, used as a human-readable description of the bridge.",
                        "label": "Bridge Name",
                        "type": "string"
                    },
                    "enable": {
                        "default": true,
                        "description": "Enable or disable this bridge",
                        "label": "Enable Or Disable Bridge",
                        "type": "boolean"
                    },
                    "resource_opts": {
                        "default": {},
                        "description": "Resource options.",
                        "label": "Resource Options",
                        "$ref": "#/components/schemas/bridge_webhook.creation_opts"
                    },
                    "connect_timeout": {
                        "default": "15s",
                        "description": "The timeout when connecting to the HTTP server.",
                        "label": "Connect Timeout",
                        "type": "duration"
                    },
                    "retry_interval": {
                        "deprecated": true,
                        "description": "retry_interval Description",
                        "label": "retry_interval",
                        "type": "duration"
                    },
                    "pool_type": {
                        "default": "random",
                        "description": "The type of the pool. Can be one of `random`, `hash`.",
                        "label": "Pool Type",
                        "symbols": [
                            "random",
                            "hash"
                        ],
                        "type": "enum"
                    },
                    "pool_size": {
                        "default": 8,
                        "description": "The pool size.",
                        "label": "Pool Size",
                        "type": "string"
                    },
                    "enable_pipelining": {
                        "default": 100,
                        "description": "A positive integer. Whether to send HTTP requests continuously, when set to 1, it means that after each HTTP request is sent, you need to wait for the server to return and then continue to send the next request.",
                        "label": "HTTP Pipelineing",
                        "type": "string"
                    },
                    "request": {
                        "description": "Configure HTTP request parameters.",
                        "label": "Request",
                        "$ref": "#/components/schemas/connector-http.request"
                    },
                    "ssl": {
                        "default": {
                            "enable": false
                        },
                        "description": "SSL connection settings.",
                        "label": "Enable SSL",
                        "$ref": "#/components/schemas/broker.ssl_client_opts"
                    },
                    "url": {
                        "description": "The URL of the HTTP Bridge.<br/><br/>Template with variables is allowed in the path, but variables cannot be used in the scheme, host,<br/>or port part.<br/><br/>For example, <code> http://localhost:9901/${topic} </code> is allowed, but<br/><code> http://${host}:9901/message </code> or <code> http://localhost:${port}/message </code><br/>is not allowed.",
                        "label": "HTTP Bridge",
                        "type": "string"
                    },
                    "direction": {
                        "deprecated": true,
                        "description": "Deprecated, The direction of this bridge, MUST be 'egress'",
                        "label": "Bridge Direction",
                        "symbols": [
                            "egress"
                        ],
                        "type": "enum"
                    },
                    "local_topic": {
                        "description": "The MQTT topic filter to be forwarded to the HTTP server. All MQTT 'PUBLISH' messages with the topic<br/>matching the local_topic will be forwarded.<br/><br/>NOTE: if this bridge is used as the action of a rule (EMQX rule engine), and also local_topic is<br/>configured, then both the data got from the rule and the MQTT messages that match local_topic<br/>will be forwarded.",
                        "label": "Local Topic",
                        "type": "string"
                    },
                    "method": {
                        "default": "post",
                        "description": "The method of the HTTP request. All the available methods are: post, put, get, delete.<br/><br/>Template with variables is allowed.",
                        "label": "HTTP Method",
                        "symbols": [
                            "post",
                            "put",
                            "get",
                            "delete"
                        ],
                        "type": "enum"
                    },
                    "headers": {
                        "default": {
                            "accept": "application/json",
                            "cache-control": "no-cache",
                            "connection": "keep-alive",
                            "content-type": "application/json",
                            "keep-alive": "timeout=5"
                        },
                        "description": "The headers of the HTTP request.<br/><br/>Template with variables is allowed.",
                        "label": "HTTP Header",
                        "type": "object"
                    },
                    "body": {
                        "description": "The body of the HTTP request.<br/><br/>If not provided, the body will be a JSON object of all the available fields.<br/><br/>There, 'all the available fields' means the context of a MQTT message when<br/>this webhook is triggered by receiving a MQTT message (the `local_topic` is set),<br/>or the context of the event when this webhook is triggered by a rule (i.e. this<br/>webhook is used as an action of a rule).<br/><br/>Template with variables is allowed.",
                        "label": "HTTP Body",
                        "type": "string"
                    },
                    "max_retries": {
                        "default": 2,
                        "description": "HTTP request max retry times if failed.",
                        "label": "HTTP Request Max Retries",
                        "minimum": 1,
                        "type": "number"
                    },
                    "request_timeout": {
                        "default": "15s",
                        "description": "HTTP request timeout.",
                        "label": "HTTP Request Timeout",
                        "type": "duration"
                    }
                },
                "type": "object"
            },
            "bridge_webhook.put": {
                "required": [
                    "url"
                ],
                "properties": {
                    "enable": {
                        "default": true,
                        "description": "Enable or disable this bridge",
                        "label": "Enable Or Disable Bridge",
                        "type": "boolean"
                    },
                    "resource_opts": {
                        "default": {},
                        "description": "Resource options.",
                        "label": "Resource Options",
                        "$ref": "#/components/schemas/bridge_webhook.creation_opts"
                    },
                    "connect_timeout": {
                        "default": "15s",
                        "description": "The timeout when connecting to the HTTP server.",
                        "label": "Connect Timeout",
                        "type": "duration"
                    },
                    "retry_interval": {
                        "deprecated": true,
                        "description": "retry_interval Description",
                        "label": "retry_interval",
                        "type": "duration"
                    },
                    "pool_type": {
                        "default": "random",
                        "description": "The type of the pool. Can be one of `random`, `hash`.",
                        "label": "Pool Type",
                        "symbols": [
                            "random",
                            "hash"
                        ],
                        "type": "enum"
                    },
                    "pool_size": {
                        "default": 8,
                        "description": "The pool size.",
                        "label": "Pool Size",
                        "type": "string"
                    },
                    "enable_pipelining": {
                        "default": 100,
                        "description": "A positive integer. Whether to send HTTP requests continuously, when set to 1, it means that after each HTTP request is sent, you need to wait for the server to return and then continue to send the next request.",
                        "label": "HTTP Pipelineing",
                        "type": "string"
                    },
                    "request": {
                        "description": "Configure HTTP request parameters.",
                        "label": "Request",
                        "$ref": "#/components/schemas/connector-http.request"
                    },
                    "ssl": {
                        "default": {
                            "enable": false
                        },
                        "description": "SSL connection settings.",
                        "label": "Enable SSL",
                        "$ref": "#/components/schemas/broker.ssl_client_opts"
                    },
                    "url": {
                        "description": "The URL of the HTTP Bridge.<br/><br/>Template with variables is allowed in the path, but variables cannot be used in the scheme, host,<br/>or port part.<br/><br/>For example, <code> http://localhost:9901/${topic} </code> is allowed, but<br/><code> http://${host}:9901/message </code> or <code> http://localhost:${port}/message </code><br/>is not allowed.",
                        "label": "HTTP Bridge",
                        "type": "string"
                    },
                    "direction": {
                        "deprecated": true,
                        "description": "Deprecated, The direction of this bridge, MUST be 'egress'",
                        "label": "Bridge Direction",
                        "symbols": [
                            "egress"
                        ],
                        "type": "enum"
                    },
                    "local_topic": {
                        "description": "The MQTT topic filter to be forwarded to the HTTP server. All MQTT 'PUBLISH' messages with the topic<br/>matching the local_topic will be forwarded.<br/><br/>NOTE: if this bridge is used as the action of a rule (EMQX rule engine), and also local_topic is<br/>configured, then both the data got from the rule and the MQTT messages that match local_topic<br/>will be forwarded.",
                        "label": "Local Topic",
                        "type": "string"
                    },
                    "method": {
                        "default": "post",
                        "description": "The method of the HTTP request. All the available methods are: post, put, get, delete.<br/><br/>Template with variables is allowed.",
                        "label": "HTTP Method",
                        "symbols": [
                            "post",
                            "put",
                            "get",
                            "delete"
                        ],
                        "type": "enum"
                    },
                    "headers": {
                        "default": {
                            "accept": "application/json",
                            "cache-control": "no-cache",
                            "connection": "keep-alive",
                            "content-type": "application/json",
                            "keep-alive": "timeout=5"
                        },
                        "description": "The headers of the HTTP request.<br/><br/>Template with variables is allowed.",
                        "label": "HTTP Header",
                        "type": "object"
                    },
                    "body": {
                        "description": "The body of the HTTP request.<br/><br/>If not provided, the body will be a JSON object of all the available fields.<br/><br/>There, 'all the available fields' means the context of a MQTT message when<br/>this webhook is triggered by receiving a MQTT message (the `local_topic` is set),<br/>or the context of the event when this webhook is triggered by a rule (i.e. this<br/>webhook is used as an action of a rule).<br/><br/>Template with variables is allowed.",
                        "label": "HTTP Body",
                        "type": "string"
                    },
                    "max_retries": {
                        "default": 2,
                        "description": "HTTP request max retry times if failed.",
                        "label": "HTTP Request Max Retries",
                        "minimum": 1,
                        "type": "number"
                    },
                    "request_timeout": {
                        "default": "15s",
                        "description": "HTTP request timeout.",
                        "label": "HTTP Request Timeout",
                        "type": "duration"
                    }
                },
                "type": "object"
            },
            "broker.ssl_client_opts": {
                "properties": {
                    "cacertfile": {
                        "description": "Trusted PEM format CA certificates bundle file.<br/><br/>The certificates in this file are used to verify the TLS peer's certificates.<br/>Append new certificates to the file if new CAs are to be trusted.<br/>There is no need to restart EMQX to have the updated file loaded, because<br/>the system regularly checks if file has been updated (and reload).<br/><br/>NOTE: invalidating (deleting) a certificate from the file will not affect<br/>already established connections.",
                        "label": "CACertfile",
                        "type": "string"
                    },
                    "certfile": {
                        "description": "PEM format certificates chain file.<br/><br/>The certificates in this file should be in reversed order of the certificate<br/>issue chain. That is, the host's certificate should be placed in the beginning<br/>of the file, followed by the immediate issuer certificate and so on.<br/>Although the root CA certificate is optional, it should be placed at the end of<br/>the file if it is to be added.",
                        "label": "Certfile",
                        "type": "string"
                    },
                    "keyfile": {
                        "description": "PEM format private key file.",
                        "label": "Keyfile",
                        "type": "string"
                    },
                    "verify": {
                        "default": "verify_none",
                        "description": "Enable or disable peer verification.",
                        "label": "Verify peer",
                        "symbols": [
                            "verify_peer",
                            "verify_none"
                        ],
                        "type": "enum"
                    },
                    "reuse_sessions": {
                        "default": true,
                        "description": "Enable TLS session reuse.",
                        "label": "TLS session reuse",
                        "type": "boolean"
                    },
                    "depth": {
                        "default": 10,
                        "description": "Maximum number of non-self-issued intermediate certificates that can follow the peer certificate in a valid certification path.<br/>So, if depth is 0 the PEER must be signed by the trusted ROOT-CA directly;<br/><br/>if 1 the path can be PEER, Intermediate-CA, ROOT-CA;<br/><br/>if 2 the path can be PEER, Intermediate-CA1, Intermediate-CA2, ROOT-CA.",
                        "label": "CACert Depth",
                        "type": "number"
                    },
                    "password": {
                        "description": "String containing the user's password. Only used if the private key file is password-protected.",
                        "example": "",
                        "format": "password",
                        "label": "Keyfile passphrase",
                        "type": "string"
                    },
                    "versions": {
                        "default": [
                            "tlsv1.3",
                            "tlsv1.2",
                            "tlsv1.1",
                            "tlsv1"
                        ],
                        "description": "All TLS/DTLS versions to be supported.<br/><br/>NOTE: PSK ciphers are suppressed by 'tlsv1.3' version config.<br/><br/>In case PSK cipher suites are intended, make sure to configure<br/><code>['tlsv1.2', 'tlsv1.1']</code> here.",
                        "items": {
                            "type": "string"
                        },
                        "label": "SSL versions",
                        "type": "array"
                    },
                    "ciphers": {
                        "default": "",
                        "description": "This config holds TLS cipher suite names separated by comma,<br/>or as an array of strings. e.g.<br/><code>\"TLS_AES_256_GCM_SHA384,TLS_AES_128_GCM_SHA256\"</code> or<br/><code>[\"TLS_AES_256_GCM_SHA384\",\"TLS_AES_128_GCM_SHA256\"]</code>.<br/><br/><br/>Ciphers (and their ordering) define the way in which the<br/>client and server encrypts information over the network connection.<br/>Selecting a good cipher suite is critical for the<br/>application's data security, confidentiality and performance.<br/><br/>The names should be in OpenSSL string format (not RFC format).<br/>All default values and examples provided by EMQX config<br/>documentation are all in OpenSSL format.<br/><br/><br/>NOTE: Certain cipher suites are only compatible with<br/>specific TLS <code>versions</code> ('tlsv1.1', 'tlsv1.2' or 'tlsv1.3')<br/>incompatible cipher suites will be silently dropped.<br/>For instance, if only 'tlsv1.3' is given in the <code>versions</code>,<br/>configuring cipher suites for other versions will have no effect.<br/><br/><br/><br/>NOTE: PSK ciphers are suppressed by 'tlsv1.3' version config<br/><br/>If PSK cipher suites are intended, 'tlsv1.3' should be disabled from <code>versions</code>.<br/><br/>PSK cipher suites: <code>\"RSA-PSK-AES256-GCM-SHA384,RSA-PSK-AES256-CBC-SHA384,<br/>RSA-PSK-AES128-GCM-SHA256,RSA-PSK-AES128-CBC-SHA256,<br/>RSA-PSK-AES256-CBC-SHA,RSA-PSK-AES128-CBC-SHA,<br/>RSA-PSK-DES-CBC3-SHA,RSA-PSK-RC4-SHA\"</code>",
                        "items": {
                            "type": "string"
                        },
                        "label": "",
                        "type": "array"
                    },
                    "user_lookup_fun": {
                        "default": "emqx_tls_psk:lookup",
                        "description": "EMQX-internal callback that is used to lookup pre-shared key (PSK) identity.",
                        "label": "SSL PSK user lookup fun",
                        "type": "string"
                    },
                    "secure_renegotiate": {
                        "default": true,
                        "description": "SSL parameter renegotiation is a feature that allows a client and a server<br/>to renegotiate the parameters of the SSL connection on the fly.<br/>RFC 5746 defines a more secure way of doing this. By enabling secure renegotiation,<br/>you drop support for the insecure renegotiation, prone to MitM attacks.",
                        "label": "SSL renegotiate",
                        "type": "boolean"
                    },
                    "hibernate_after": {
                        "default": "5s",
                        "description": " Hibernate the SSL process after idling for amount of time reducing its memory footprint. ",
                        "label": "hibernate after",
                        "type": "duration"
                    },
                    "enable": {
                        "default": false,
                        "description": "Enable TLS.",
                        "label": "Enable TLS.",
                        "type": "boolean"
                    },
                    "server_name_indication": {
                        "description": "Specify the host name to be used in TLS Server Name Indication extension.<br/><br/>For instance, when connecting to \"server.example.net\", the genuine server<br/>which accepts the connection and performs TLS handshake may differ from the<br/>host the TLS client initially connects to, e.g. when connecting to an IP address<br/>or when the host has multiple resolvable DNS records <br/><br/>If not specified, it will default to the host name string which is used<br/>to establish the connection, unless it is IP addressed used.<br/><br/>The host name is then also used in the host name verification of the peer<br/>certificate.<br/> The special value 'disable' prevents the Server Name<br/>Indication extension from being sent and disables the hostname<br/>verification check.",
                        "example": "disable",
                        "label": "Server Name Indication",
                        "oneOf": [
                            {
                                "type": "string"
                            },
                            {
                                "symbols": [
                                    "disable"
                                ],
                                "type": "enum"
                            }
                        ]
                    }
                },
                "type": "object"
            },
            "connector-http.request": {
                "properties": {
                    "method": {
                        "description": "HTTP method.",
                        "label": "HTTP Method",
                        "type": "string"
                    },
                    "path": {
                        "description": "URL path.",
                        "label": "URL Path",
                        "type": "string"
                    },
                    "body": {
                        "description": "HTTP request body.",
                        "label": "HTTP Body",
                        "type": "string"
                    },
                    "headers": {
                        "description": "List of HTTP headers.",
                        "label": "HTTP Headers",
                        "type": "object"
                    },
                    "max_retries": {
                        "description": "Max retry times if error on sending request.",
                        "label": "Max Retries",
                        "minimum": 1,
                        "type": "number"
                    },
                    "request_timeout": {
                        "description": "HTTP request timeout.",
                        "label": "Request Timeout",
                        "type": "duration"
                    }
                },
                "type": "object"
            },
            "connector-mqtt.egress": {
                "required": [
                    "remote"
                ],
                "properties": {
                    "local": {
                        "description": "The configs about receiving messages from local broker.",
                        "label": "Local Configs",
                        "$ref": "#/components/schemas/connector-mqtt.egress_local"
                    },
                    "remote": {
                        "description": "The configs about sending message to the remote broker.",
                        "label": "Remote Configs",
                        "$ref": "#/components/schemas/connector-mqtt.egress_remote"
                    }
                },
                "type": "object"
            },
            "connector-mqtt.egress_local": {
                "properties": {
                    "topic": {
                        "description": "The local topic to be forwarded to the remote broker",
                        "label": "Local Topic",
                        "type": "string"
                    }
                },
                "type": "object"
            },
            "connector-mqtt.egress_remote": {
                "required": [
                    "topic"
                ],
                "properties": {
                    "topic": {
                        "description": "Forward to which topic of the remote broker.<br/><br/>Template with variables is allowed.",
                        "label": "Remote Topic",
                        "type": "string"
                    },
                    "qos": {
                        "default": 1,
                        "description": "The QoS of the MQTT message to be sent.<br/><br/>Template with variables is allowed.",
                        "label": "Remote QoS",
                        "oneOf": [
                            {
                                "type": "string"
                            },
                            {
                                "symbols": [
                                    0,
                                    1,
                                    2
                                ],
                                "type": "enum"
                            }
                        ]
                    },
                    "retain": {
                        "default": false,
                        "description": "The 'retain' flag of the MQTT message to be sent.<br/><br/>Template with variables is allowed.",
                        "label": "Retain Flag",
                        "oneOf": [
                            {
                                "type": "string"
                            },
                            {
                                "type": "boolean"
                            }
                        ]
                    },
                    "payload": {
                        "description": "The payload of the MQTT message to be sent.<br/><br/>Template with variables is allowed.",
                        "label": "Payload",
                        "type": "string"
                    }
                },
                "type": "object"
            },
            "connector-mqtt.ingress": {
                "properties": {
                    "remote": {
                        "description": "The configs about subscribing to the remote broker.",
                        "label": "Remote Configs",
                        "$ref": "#/components/schemas/connector-mqtt.ingress_remote"
                    },
                    "local": {
                        "description": "The configs about sending message to the local broker.",
                        "label": "Local Configs",
                        "$ref": "#/components/schemas/connector-mqtt.ingress_local"
                    }
                },
                "type": "object"
            },
            "connector-mqtt.ingress_local": {
                "properties": {
                    "topic": {
                        "description": "Send messages to which topic of the local broker.<br/><br/>Template with variables is allowed.",
                        "label": "Local Topic",
                        "type": "string"
                    },
                    "qos": {
                        "default": "${qos}",
                        "description": "The QoS of the MQTT message to be sent.<br/><br/>Template with variables is allowed.",
                        "label": "Local QoS",
                        "oneOf": [
                            {
                                "type": "string"
                            },
                            {
                                "symbols": [
                                    0,
                                    1,
                                    2
                                ],
                                "type": "enum"
                            }
                        ]
                    },
                    "retain": {
                        "default": "${retain}",
                        "description": "The 'retain' flag of the MQTT message to be sent.<br/><br/>Template with variables is allowed.",
                        "label": "Retain Flag",
                        "oneOf": [
                            {
                                "type": "string"
                            },
                            {
                                "type": "boolean"
                            }
                        ]
                    },
                    "payload": {
                        "description": "The payload of the MQTT message to be sent.<br/><br/>Template with variables is allowed.",
                        "label": "Payload",
                        "type": "string"
                    }
                },
                "type": "object"
            },
            "connector-mqtt.ingress_remote": {
                "required": [
                    "topic"
                ],
                "properties": {
                    "topic": {
                        "description": "Receive messages from which topic of the remote broker",
                        "label": "Remote Topic",
                        "type": "string"
                    },
                    "qos": {
                        "default": 1,
                        "description": "The QoS level to be used when subscribing to the remote broker",
                        "label": "Remote QoS",
                        "symbols": [
                            0,
                            1,
                            2
                        ],
                        "type": "enum"
                    }
                },
                "type": "object"
            }
        }
    },
    "info": {
        "title": "EMQX Data Bridge API Schema",
        "version": "0.1.0"
    },
    "paths": {
        "/bridges": {
            "get": {
                "items": {
                    "oneOf": [
                        {
                            "$ref": "#/components/schemas/bridge_mqtt.get"
                        },
                        {
                            "$ref": "#/components/schemas/bridge_webhook.get"
                        }
                    ]
                },
                "type": "array"
            }
        },
        "/bridges/:id": {
            "get": {
                "oneOf": [
                    {
                        "$ref": "#/components/schemas/bridge_mqtt.get"
                    },
                    {
                        "$ref": "#/components/schemas/bridge_webhook.get"
                    }
                ]
            },
            "put": {
                "oneOf": [
                    {
                        "$ref": "#/components/schemas/bridge_mqtt.get"
                    },
                    {
                        "$ref": "#/components/schemas/bridge_webhook.get"
                    }
                ]
            }
        },
        "/bridges/:id/:operation": {},
        "/bridges/:id/enable/:enable": {},
        "/bridges/:id/metrics": {
            "get": {
                "properties": {
                    "metrics": {
                        "description": "Bridge metrics.",
                        "label": "Bridge Metrics",
                        "$ref": "#/components/schemas/bridge.metrics"
                    },
                    "node_metrics": {
                        "description": "Node metrics.",
                        "items": {
                            "$ref": "#/components/schemas/bridge.node_metrics"
                        },
                        "label": "Node Metrics",
                        "type": "array"
                    }
                },
                "type": "object"
            }
        },
        "/bridges/:id/metrics/reset": {},
        "/bridges_probe": {},
        "/nodes/:node/bridges/:id/:operation": {}
    }
}