{
    "components": {
        "schemas": {
            "bridge.metrics": {
                "properties": {
                    "dropped": {
                        "description": "被丢弃的消息个数。",
                        "label": "丢弃",
                        "type": "number"
                    },
                    "dropped.other": {
                        "description": "因为其他原因被丢弃的消息个数。",
                        "label": "其他丢弃",
                        "type": "number"
                    },
                    "dropped.queue_full": {
                        "description": "因为队列已满被丢弃的消息个数。",
                        "label": "队列已满被丢弃",
                        "type": "number"
                    },
                    "dropped.resource_not_found": {
                        "description": "因为资源不存在被丢弃的消息个数。",
                        "label": "资源不存在被丢弃",
                        "type": "number"
                    },
                    "dropped.resource_stopped": {
                        "description": "因为资源已停用被丢弃的消息个数。",
                        "label": "资源停用被丢弃",
                        "type": "number"
                    },
                    "matched": {
                        "description": "Bridge 被匹配到（被请求）的次数。",
                        "label": "匹配次数",
                        "type": "number"
                    },
                    "queuing": {
                        "description": "当前被缓存到磁盘队列的消息个数。",
                        "label": "被缓存",
                        "type": "number"
                    },
                    "retried": {
                        "description": "重试的次数。",
                        "label": "已重试",
                        "type": "number"
                    },
                    "failed": {
                        "description": "发送失败的消息个数。",
                        "label": "发送失败",
                        "type": "number"
                    },
                    "inflight": {
                        "description": "已异步地发送但没有收到 ACK 的消息个数。",
                        "label": "已发送未确认",
                        "type": "number"
                    },
                    "success": {
                        "description": "已经发送成功的消息个数。",
                        "label": "发送成功",
                        "type": "number"
                    },
                    "rate": {
                        "description": "执行操作的速率，次/秒",
                        "label": "速率",
                        "type": "number"
                    },
                    "rate_max": {
                        "description": "执行操作的最大速率，次/秒",
                        "label": "执行操作的最大速率",
                        "type": "number"
                    },
                    "rate_last5m": {
                        "description": "5 分钟平均速率，次/秒",
                        "label": "5 分钟平均速率",
                        "type": "number"
                    },
                    "received": {
                        "description": "从远程系统收到的消息个数。",
                        "label": "已接收",
                        "type": "number"
                    }
                },
                "type": "object"
            },
            "bridge.node_metrics": {
                "properties": {
                    "node": {
                        "description": "节点的名字",
                        "example": "emqx@127.0.0.1",
                        "label": "节点名字",
                        "type": "string"
                    },
                    "metrics": {
                        "description": "metrics Description",
                        "label": "metrics",
                        "$ref": "#/components/schemas/bridge.metrics"
                    }
                },
                "type": "object"
            },
            "bridge.node_status": {
                "properties": {
                    "node": {
                        "description": "节点的名字",
                        "example": "emqx@127.0.0.1",
                        "label": "节点名字",
                        "type": "string"
                    },
                    "status": {
                        "description": "status Description",
                        "label": "status",
                        "symbols": [
                            "connected",
                            "disconnected",
                            "connecting"
                        ],
                        "type": "enum"
                    }
                },
                "type": "object"
            },
            "bridge_mqtt.creation_opts": {
                "properties": {
                    "worker_pool_size": {
                        "default": 16,
                        "description": "缓存队列 worker 数量。仅对 egress 类型的桥接有意义。当桥接仅有 ingress 方向时，可设置为 0，否则必须大于 0。",
                        "label": "缓存池大小",
                        "minimum": 1,
                        "type": "number"
                    },
                    "health_check_interval": {
                        "default": "15s",
                        "description": "健康检查间隔。",
                        "label": "健康检查间隔",
                        "type": "duration"
                    },
                    "start_after_created": {
                        "default": "true",
                        "description": "是否在创建资源后立即启动资源。",
                        "label": "创建后立即启动",
                        "type": "boolean"
                    },
                    "start_timeout": {
                        "default": "5s",
                        "description": "在回复资源创建请求前等待资源进入健康状态的时间。",
                        "label": "启动超时时间",
                        "type": "duration"
                    },
                    "auto_restart_interval": {
                        "default": "60s",
                        "description": "资源断开以后，自动重连的时间间隔。",
                        "label": "自动重连间隔",
                        "oneOf": [
                            {
                                "type": "duration"
                            },
                            {
                                "symbols": [
                                    "infinity"
                                ],
                                "type": "enum"
                            }
                        ]
                    },
                    "query_mode": {
                        "default": "async",
                        "description": "请求模式。可选 '同步/异步'，默认为'异步'模式。",
                        "label": "请求模式",
                        "symbols": [
                            "sync",
                            "async"
                        ],
                        "type": "enum"
                    },
                    "request_timeout": {
                        "default": "15s",
                        "description": "请求的超时。 如果<code>query_mode</code>是<code>sync</code>，对资源的调用将在超时前被阻断这一时间。",
                        "label": "请求超时",
                        "oneOf": [
                            {
                                "type": "duration"
                            },
                            {
                                "symbols": [
                                    "infinity"
                                ],
                                "type": "enum"
                            }
                        ]
                    },
                    "async_inflight_window": {
                        "default": 100,
                        "description": "异步请求飞行队列窗口大小。",
                        "label": "异步请求飞行队列窗口",
                        "type": "string"
                    },
                    "enable_queue": {
                        "default": false,
                        "deprecated": true,
                        "description": "启用磁盘缓存队列（仅对 egress 方向桥接有用）。",
                        "label": "启用磁盘缓存队列",
                        "type": "boolean"
                    },
                    "max_queue_bytes": {
                        "default": "100MB",
                        "description": "每个缓存 worker 允许使用的最大字节数。",
                        "label": "缓存队列最大长度",
                        "type": "byteSize"
                    }
                },
                "type": "object"
            },
            "bridge_mqtt.get": {
                "required": [
                    "server"
                ],
                "properties": {
                    "status": {
                        "description": "Bridge 的状态",
                        "label": "Bridge 状态",
                        "symbols": [
                            "connected",
                            "disconnected",
                            "connecting"
                        ],
                        "type": "enum"
                    },
                    "node_status": {
                        "description": "节点的状态",
                        "items": {
                            "$ref": "#/components/schemas/bridge.node_status"
                        },
                        "label": "节点的状态",
                        "type": "array"
                    },
                    "enable": {
                        "default": true,
                        "description": "启用/禁用 Bridge",
                        "label": "启用/禁用 Bridge",
                        "type": "boolean"
                    },
                    "resource_opts": {
                        "default": {},
                        "description": "资源相关的选项。",
                        "label": "资源选项",
                        "$ref": "#/components/schemas/bridge_mqtt.creation_opts"
                    },
                    "mode": {
                        "default": "cluster_shareload",
                        "description": "MQTT 桥的模式。 <br/><br/>- cluster_shareload：在 emqx 集群的每个节点上创建一个 MQTT 连接。<br/><br/>在“cluster_shareload”模式下，来自远程代理的传入负载通过共享订阅的方式接收。<br/><br/>请注意，<code>clientid</code> 以节点名称为后缀，这是为了避免不同节点之间的 <code> clientid</code> 冲突。<br/>而且对于入口连接的 <code>remote.topic</code>，我们只能使用共享订阅主题过滤器。",
                        "label": "MQTT 桥接模式",
                        "symbols": [
                            "cluster_shareload"
                        ],
                        "type": "enum"
                    },
                    "server": {
                        "description": "远程 MQTT Broker的主机和端口。",
                        "label": "Broker主机和端口",
                        "type": "string"
                    },
                    "clientid_prefix": {
                        "description": "可选的前缀，用于在出口网桥使用的clientid前加上前缀。",
                        "label": "客户ID前缀",
                        "type": "string"
                    },
                    "reconnect_interval": {
                        "deprecated": true,
                        "description": "reconnect_interval Description",
                        "label": "reconnect_interval",
                        "type": "string"
                    },
                    "proto_ver": {
                        "default": "v4",
                        "description": "MQTT 协议版本",
                        "label": "协议版本",
                        "symbols": [
                            "v3",
                            "v4",
                            "v5"
                        ],
                        "type": "enum"
                    },
                    "bridge_mode": {
                        "default": false,
                        "description": "是否启用 Bridge Mode。<br/>注意：此设置只针对 MQTT 协议版本 < 5.0 有效，并且需要远程 MQTT Broker 支持 Bridge Mode。<br/>如果设置为 true ，桥接会告诉远端服务器当前连接是一个桥接而不是一个普通的客户端。<br/>这意味着消息回环检测会更加高效，并且远端服务器收到的保留消息的标志位会透传给本地。",
                        "label": "Bridge 模式",
                        "type": "boolean"
                    },
                    "username": {
                        "description": "MQTT 协议的用户名",
                        "label": "用户名",
                        "type": "string"
                    },
                    "password": {
                        "description": "MQTT 协议的密码",
                        "format": "password",
                        "label": "密码",
                        "type": "string"
                    },
                    "clean_start": {
                        "default": true,
                        "description": "与 ingress MQTT 桥的远程服务器重连时是否清除老的 MQTT 会话。",
                        "label": "清除会话",
                        "type": "boolean"
                    },
                    "keepalive": {
                        "default": "300s",
                        "description": "MQTT Keepalive. Time interval is a string that contains a number followed by time unit:<br/>- `ms` for milliseconds,<br/>- `s` for seconds,<br/>- `m` for minutes,<br/>- `h` for hours;<br/><br/>or combination of whereof: `1h5m0s`",
                        "label": "keepalive",
                        "type": "string"
                    },
                    "retry_interval": {
                        "default": "15s",
                        "description": "Message retry interval. Delay for the MQTT bridge to retry sending the QoS1/QoS2 messages in case of ACK not received. Time interval is a string that contains a number followed by time unit:<br/>- `ms` for milliseconds,<br/>- `s` for seconds,<br/>- `m` for minutes,<br/>- `h` for hours;<br/><br/>or combination of whereof: `1h5m0s`",
                        "label": "retry_interval",
                        "type": "string"
                    },
                    "max_inflight": {
                        "default": 32,
                        "description": "MQTT 协议的最大飞行（已发送但未确认）消息",
                        "label": "最大飞行消息",
                        "minimum": 1,
                        "type": "number"
                    },
                    "ssl": {
                        "default": {
                            "enable": false
                        },
                        "description": "启用 SSL 连接。",
                        "label": "启用SSL",
                        "$ref": "#/components/schemas/broker.ssl_client_opts"
                    },
                    "ingress": {
                        "description": "入口配置定义了该桥接如何从远程 MQTT Broker 接收消息，然后将消息发送到本地 Broker。<br/><br/>        以下字段中允许使用带有变量的模板：'remote.qos', 'local.topic', 'local.qos', 'local.retain', 'local.payload'。<br/><br/>        注意：如果此桥接被用作规则的输入，并且配置了 'local.topic'，则从远程代理获取的消息将同时被发送到 'local.topic' 和规则。",
                        "label": "入方向配置",
                        "$ref": "#/components/schemas/connector-mqtt.ingress"
                    },
                    "egress": {
                        "description": "出口配置定义了该桥接如何将消息从本地 Broker 转发到远程 Broker。<br/>以下字段中允许使用带有变量的模板：'remote.topic', 'local.qos', 'local.retain', 'local.payload'。<br/><br/>注意：如果此桥接被用作规则的动作，并且配置了 'local.topic'，则从规则输出的数据以及匹配到 'local.topic' 的 MQTT 消息都会被转发。",
                        "label": "出方向配置",
                        "$ref": "#/components/schemas/connector-mqtt.egress"
                    }
                },
                "type": "object"
            },
            "bridge_mqtt.post": {
                "required": [
                    "server",
                    "name",
                    "type"
                ],
                "properties": {
                    "type": {
                        "description": "Bridge 的类型",
                        "label": "Bridge 类型",
                        "symbols": [
                            "mqtt"
                        ],
                        "type": "enum"
                    },
                    "name": {
                        "description": "Bridge 名字，Bridge 的可读描述",
                        "label": "Bridge 名字",
                        "type": "string"
                    },
                    "enable": {
                        "default": true,
                        "description": "启用/禁用 Bridge",
                        "label": "启用/禁用 Bridge",
                        "type": "boolean"
                    },
                    "resource_opts": {
                        "default": {},
                        "description": "资源相关的选项。",
                        "label": "资源选项",
                        "$ref": "#/components/schemas/bridge_mqtt.creation_opts"
                    },
                    "mode": {
                        "default": "cluster_shareload",
                        "description": "MQTT 桥的模式。 <br/><br/>- cluster_shareload：在 emqx 集群的每个节点上创建一个 MQTT 连接。<br/><br/>在“cluster_shareload”模式下，来自远程代理的传入负载通过共享订阅的方式接收。<br/><br/>请注意，<code>clientid</code> 以节点名称为后缀，这是为了避免不同节点之间的 <code> clientid</code> 冲突。<br/>而且对于入口连接的 <code>remote.topic</code>，我们只能使用共享订阅主题过滤器。",
                        "label": "MQTT 桥接模式",
                        "symbols": [
                            "cluster_shareload"
                        ],
                        "type": "enum"
                    },
                    "server": {
                        "description": "远程 MQTT Broker的主机和端口。",
                        "label": "Broker主机和端口",
                        "type": "string"
                    },
                    "clientid_prefix": {
                        "description": "可选的前缀，用于在出口网桥使用的clientid前加上前缀。",
                        "label": "客户ID前缀",
                        "type": "string"
                    },
                    "reconnect_interval": {
                        "deprecated": true,
                        "description": "reconnect_interval Description",
                        "label": "reconnect_interval",
                        "type": "string"
                    },
                    "proto_ver": {
                        "default": "v4",
                        "description": "MQTT 协议版本",
                        "label": "协议版本",
                        "symbols": [
                            "v3",
                            "v4",
                            "v5"
                        ],
                        "type": "enum"
                    },
                    "bridge_mode": {
                        "default": false,
                        "description": "是否启用 Bridge Mode。<br/>注意：此设置只针对 MQTT 协议版本 < 5.0 有效，并且需要远程 MQTT Broker 支持 Bridge Mode。<br/>如果设置为 true ，桥接会告诉远端服务器当前连接是一个桥接而不是一个普通的客户端。<br/>这意味着消息回环检测会更加高效，并且远端服务器收到的保留消息的标志位会透传给本地。",
                        "label": "Bridge 模式",
                        "type": "boolean"
                    },
                    "username": {
                        "description": "MQTT 协议的用户名",
                        "label": "用户名",
                        "type": "string"
                    },
                    "password": {
                        "description": "MQTT 协议的密码",
                        "format": "password",
                        "label": "密码",
                        "type": "string"
                    },
                    "clean_start": {
                        "default": true,
                        "description": "与 ingress MQTT 桥的远程服务器重连时是否清除老的 MQTT 会话。",
                        "label": "清除会话",
                        "type": "boolean"
                    },
                    "keepalive": {
                        "default": "300s",
                        "description": "MQTT Keepalive. Time interval is a string that contains a number followed by time unit:<br/>- `ms` for milliseconds,<br/>- `s` for seconds,<br/>- `m` for minutes,<br/>- `h` for hours;<br/><br/>or combination of whereof: `1h5m0s`",
                        "label": "keepalive",
                        "type": "string"
                    },
                    "retry_interval": {
                        "default": "15s",
                        "description": "Message retry interval. Delay for the MQTT bridge to retry sending the QoS1/QoS2 messages in case of ACK not received. Time interval is a string that contains a number followed by time unit:<br/>- `ms` for milliseconds,<br/>- `s` for seconds,<br/>- `m` for minutes,<br/>- `h` for hours;<br/><br/>or combination of whereof: `1h5m0s`",
                        "label": "retry_interval",
                        "type": "string"
                    },
                    "max_inflight": {
                        "default": 32,
                        "description": "MQTT 协议的最大飞行（已发送但未确认）消息",
                        "label": "最大飞行消息",
                        "minimum": 1,
                        "type": "number"
                    },
                    "ssl": {
                        "default": {
                            "enable": false
                        },
                        "description": "启用 SSL 连接。",
                        "label": "启用SSL",
                        "$ref": "#/components/schemas/broker.ssl_client_opts"
                    },
                    "ingress": {
                        "description": "入口配置定义了该桥接如何从远程 MQTT Broker 接收消息，然后将消息发送到本地 Broker。<br/><br/>        以下字段中允许使用带有变量的模板：'remote.qos', 'local.topic', 'local.qos', 'local.retain', 'local.payload'。<br/><br/>        注意：如果此桥接被用作规则的输入，并且配置了 'local.topic'，则从远程代理获取的消息将同时被发送到 'local.topic' 和规则。",
                        "label": "入方向配置",
                        "$ref": "#/components/schemas/connector-mqtt.ingress"
                    },
                    "egress": {
                        "description": "出口配置定义了该桥接如何将消息从本地 Broker 转发到远程 Broker。<br/>以下字段中允许使用带有变量的模板：'remote.topic', 'local.qos', 'local.retain', 'local.payload'。<br/><br/>注意：如果此桥接被用作规则的动作，并且配置了 'local.topic'，则从规则输出的数据以及匹配到 'local.topic' 的 MQTT 消息都会被转发。",
                        "label": "出方向配置",
                        "$ref": "#/components/schemas/connector-mqtt.egress"
                    }
                },
                "type": "object"
            },
            "bridge_mqtt.put": {
                "required": [
                    "server"
                ],
                "properties": {
                    "enable": {
                        "default": true,
                        "description": "启用/禁用 Bridge",
                        "label": "启用/禁用 Bridge",
                        "type": "boolean"
                    },
                    "resource_opts": {
                        "default": {},
                        "description": "资源相关的选项。",
                        "label": "资源选项",
                        "$ref": "#/components/schemas/bridge_mqtt.creation_opts"
                    },
                    "mode": {
                        "default": "cluster_shareload",
                        "description": "MQTT 桥的模式。 <br/><br/>- cluster_shareload：在 emqx 集群的每个节点上创建一个 MQTT 连接。<br/><br/>在“cluster_shareload”模式下，来自远程代理的传入负载通过共享订阅的方式接收。<br/><br/>请注意，<code>clientid</code> 以节点名称为后缀，这是为了避免不同节点之间的 <code> clientid</code> 冲突。<br/>而且对于入口连接的 <code>remote.topic</code>，我们只能使用共享订阅主题过滤器。",
                        "label": "MQTT 桥接模式",
                        "symbols": [
                            "cluster_shareload"
                        ],
                        "type": "enum"
                    },
                    "server": {
                        "description": "远程 MQTT Broker的主机和端口。",
                        "label": "Broker主机和端口",
                        "type": "string"
                    },
                    "clientid_prefix": {
                        "description": "可选的前缀，用于在出口网桥使用的clientid前加上前缀。",
                        "label": "客户ID前缀",
                        "type": "string"
                    },
                    "reconnect_interval": {
                        "deprecated": true,
                        "description": "reconnect_interval Description",
                        "label": "reconnect_interval",
                        "type": "string"
                    },
                    "proto_ver": {
                        "default": "v4",
                        "description": "MQTT 协议版本",
                        "label": "协议版本",
                        "symbols": [
                            "v3",
                            "v4",
                            "v5"
                        ],
                        "type": "enum"
                    },
                    "bridge_mode": {
                        "default": false,
                        "description": "是否启用 Bridge Mode。<br/>注意：此设置只针对 MQTT 协议版本 < 5.0 有效，并且需要远程 MQTT Broker 支持 Bridge Mode。<br/>如果设置为 true ，桥接会告诉远端服务器当前连接是一个桥接而不是一个普通的客户端。<br/>这意味着消息回环检测会更加高效，并且远端服务器收到的保留消息的标志位会透传给本地。",
                        "label": "Bridge 模式",
                        "type": "boolean"
                    },
                    "username": {
                        "description": "MQTT 协议的用户名",
                        "label": "用户名",
                        "type": "string"
                    },
                    "password": {
                        "description": "MQTT 协议的密码",
                        "format": "password",
                        "label": "密码",
                        "type": "string"
                    },
                    "clean_start": {
                        "default": true,
                        "description": "与 ingress MQTT 桥的远程服务器重连时是否清除老的 MQTT 会话。",
                        "label": "清除会话",
                        "type": "boolean"
                    },
                    "keepalive": {
                        "default": "300s",
                        "description": "MQTT Keepalive. Time interval is a string that contains a number followed by time unit:<br/>- `ms` for milliseconds,<br/>- `s` for seconds,<br/>- `m` for minutes,<br/>- `h` for hours;<br/><br/>or combination of whereof: `1h5m0s`",
                        "label": "keepalive",
                        "type": "string"
                    },
                    "retry_interval": {
                        "default": "15s",
                        "description": "Message retry interval. Delay for the MQTT bridge to retry sending the QoS1/QoS2 messages in case of ACK not received. Time interval is a string that contains a number followed by time unit:<br/>- `ms` for milliseconds,<br/>- `s` for seconds,<br/>- `m` for minutes,<br/>- `h` for hours;<br/><br/>or combination of whereof: `1h5m0s`",
                        "label": "retry_interval",
                        "type": "string"
                    },
                    "max_inflight": {
                        "default": 32,
                        "description": "MQTT 协议的最大飞行（已发送但未确认）消息",
                        "label": "最大飞行消息",
                        "minimum": 1,
                        "type": "number"
                    },
                    "ssl": {
                        "default": {
                            "enable": false
                        },
                        "description": "启用 SSL 连接。",
                        "label": "启用SSL",
                        "$ref": "#/components/schemas/broker.ssl_client_opts"
                    },
                    "ingress": {
                        "description": "入口配置定义了该桥接如何从远程 MQTT Broker 接收消息，然后将消息发送到本地 Broker。<br/><br/>        以下字段中允许使用带有变量的模板：'remote.qos', 'local.topic', 'local.qos', 'local.retain', 'local.payload'。<br/><br/>        注意：如果此桥接被用作规则的输入，并且配置了 'local.topic'，则从远程代理获取的消息将同时被发送到 'local.topic' 和规则。",
                        "label": "入方向配置",
                        "$ref": "#/components/schemas/connector-mqtt.ingress"
                    },
                    "egress": {
                        "description": "出口配置定义了该桥接如何将消息从本地 Broker 转发到远程 Broker。<br/>以下字段中允许使用带有变量的模板：'remote.topic', 'local.qos', 'local.retain', 'local.payload'。<br/><br/>注意：如果此桥接被用作规则的动作，并且配置了 'local.topic'，则从规则输出的数据以及匹配到 'local.topic' 的 MQTT 消息都会被转发。",
                        "label": "出方向配置",
                        "$ref": "#/components/schemas/connector-mqtt.egress"
                    }
                },
                "type": "object"
            },
            "bridge_webhook.creation_opts": {
                "properties": {
                    "worker_pool_size": {
                        "default": 16,
                        "description": "缓存队列 worker 数量。仅对 egress 类型的桥接有意义。当桥接仅有 ingress 方向时，可设置为 0，否则必须大于 0。",
                        "label": "缓存池大小",
                        "minimum": 1,
                        "type": "number"
                    },
                    "health_check_interval": {
                        "default": "15s",
                        "description": "健康检查间隔。",
                        "label": "健康检查间隔",
                        "type": "duration"
                    },
                    "start_after_created": {
                        "default": "true",
                        "description": "是否在创建资源后立即启动资源。",
                        "label": "创建后立即启动",
                        "type": "boolean"
                    },
                    "start_timeout": {
                        "default": "5s",
                        "description": "在回复资源创建请求前等待资源进入健康状态的时间。",
                        "label": "启动超时时间",
                        "type": "duration"
                    },
                    "auto_restart_interval": {
                        "default": "60s",
                        "description": "资源断开以后，自动重连的时间间隔。",
                        "label": "自动重连间隔",
                        "oneOf": [
                            {
                                "type": "duration"
                            },
                            {
                                "symbols": [
                                    "infinity"
                                ],
                                "type": "enum"
                            }
                        ]
                    },
                    "query_mode": {
                        "default": "async",
                        "description": "请求模式。可选 '同步/异步'，默认为'异步'模式。",
                        "label": "请求模式",
                        "symbols": [
                            "sync",
                            "async"
                        ],
                        "type": "enum"
                    },
                    "request_timeout": {
                        "default": "15s",
                        "description": "请求的超时。 如果<code>query_mode</code>是<code>sync</code>，对资源的调用将在超时前被阻断这一时间。",
                        "label": "请求超时",
                        "oneOf": [
                            {
                                "type": "duration"
                            },
                            {
                                "symbols": [
                                    "infinity"
                                ],
                                "type": "enum"
                            }
                        ]
                    },
                    "async_inflight_window": {
                        "default": 100,
                        "description": "异步请求飞行队列窗口大小。",
                        "label": "异步请求飞行队列窗口",
                        "type": "string"
                    },
                    "enable_queue": {
                        "default": false,
                        "deprecated": true,
                        "description": "启用磁盘缓存队列（仅对 egress 方向桥接有用）。",
                        "label": "启用磁盘缓存队列",
                        "type": "boolean"
                    },
                    "max_queue_bytes": {
                        "default": "100MB",
                        "description": "每个缓存 worker 允许使用的最大字节数。",
                        "label": "缓存队列最大长度",
                        "type": "byteSize"
                    }
                },
                "type": "object"
            },
            "bridge_webhook.get": {
                "required": [
                    "url",
                    "name",
                    "type"
                ],
                "properties": {
                    "status": {
                        "description": "Bridge 的状态",
                        "label": "Bridge 状态",
                        "symbols": [
                            "connected",
                            "disconnected",
                            "connecting"
                        ],
                        "type": "enum"
                    },
                    "node_status": {
                        "description": "节点的状态",
                        "items": {
                            "$ref": "#/components/schemas/bridge.node_status"
                        },
                        "label": "节点的状态",
                        "type": "array"
                    },
                    "type": {
                        "description": "Bridge 类型",
                        "label": "Bridge 类型",
                        "symbols": [
                            "webhook"
                        ],
                        "type": "enum"
                    },
                    "name": {
                        "description": "Bridge 名字，Bridge 的可读描述",
                        "label": "Bridge 名字",
                        "type": "string"
                    },
                    "enable": {
                        "default": true,
                        "description": "启用/禁用 Bridge",
                        "label": "启用/禁用 Bridge",
                        "type": "boolean"
                    },
                    "resource_opts": {
                        "default": {},
                        "description": "资源相关的选项。",
                        "label": "资源选项",
                        "$ref": "#/components/schemas/bridge_webhook.creation_opts"
                    },
                    "connect_timeout": {
                        "default": "15s",
                        "description": "连接HTTP服务器的超时时间。",
                        "label": "连接超时",
                        "type": "duration"
                    },
                    "retry_interval": {
                        "deprecated": true,
                        "description": "retry_interval Description",
                        "label": "retry_interval",
                        "type": "duration"
                    },
                    "pool_type": {
                        "default": "random",
                        "description": "连接池的类型，可用类型有`random`, `hash`。",
                        "label": "连接池类型",
                        "symbols": [
                            "random",
                            "hash"
                        ],
                        "type": "enum"
                    },
                    "pool_size": {
                        "default": 8,
                        "description": "连接池大小。",
                        "label": "连接池大小",
                        "type": "string"
                    },
                    "enable_pipelining": {
                        "default": 100,
                        "description": "正整数，设置最大可发送的异步 HTTP 请求数量。当设置为 1 时，表示每次发送完成 HTTP 请求后都需要等待服务器返回，再继续发送下一个请求。",
                        "label": "HTTP 管道",
                        "type": "string"
                    },
                    "request": {
                        "description": "设置 HTTP 请求的参数。",
                        "label": "HTTP 请求",
                        "$ref": "#/components/schemas/connector-http.request"
                    },
                    "ssl": {
                        "default": {
                            "enable": false
                        },
                        "description": "启用 SSL 连接。",
                        "label": "启用SSL",
                        "$ref": "#/components/schemas/broker.ssl_client_opts"
                    },
                    "url": {
                        "description": "HTTP Bridge 的 URL。<br/><br/>路径中允许使用带变量的模板，但是 host， port 不允许使用变量模板。<br/><br/>例如，<code> http://localhost:9901/${topic} </code> 是允许的，<br/>但是<code> http://${host}:9901/message </code><br/>或 <code> http://localhost:${port}/message </code><br/>不允许。",
                        "label": "HTTP Bridge",
                        "type": "string"
                    },
                    "direction": {
                        "deprecated": true,
                        "description": "已废弃，Bridge 的方向，必须是 egress",
                        "label": "Bridge 方向",
                        "symbols": [
                            "egress"
                        ],
                        "type": "enum"
                    },
                    "local_topic": {
                        "description": "发送到 'local_topic' 的消息都会转发到 HTTP 服务器。 <br/><br/>注意：如果这个 Bridge 被用作规则（EMQX 规则引擎）的输出，同时也配置了 'local_topic' ，那么这两部分的消息都会被转发到 HTTP 服务器。",
                        "label": "本地 Topic",
                        "type": "string"
                    },
                    "method": {
                        "default": "post",
                        "description": "HTTP 请求的方法。 所有可用的方法包括：post、put、get、delete。<br/><br/>允许使用带有变量的模板。",
                        "label": "HTTP 请求方法",
                        "symbols": [
                            "post",
                            "put",
                            "get",
                            "delete"
                        ],
                        "type": "enum"
                    },
                    "headers": {
                        "default": {
                            "accept": "application/json",
                            "cache-control": "no-cache",
                            "connection": "keep-alive",
                            "content-type": "application/json",
                            "keep-alive": "timeout=5"
                        },
                        "description": "HTTP 请求的标头。<br/><br/>允许使用带有变量的模板。",
                        "label": "HTTP 请求标头",
                        "type": "object"
                    },
                    "body": {
                        "description": "HTTP 请求的正文。<br/><br/>如果没有设置该字段，请求正文将是包含所有可用字段的 JSON object。<br/><br/>如果该 webhook 是由于收到 MQTT 消息触发的，'所有可用字段' 将是 MQTT 消息的<br/>上下文信息；如果该 webhook 是由于规则触发的，'所有可用字段' 则为触发事件的上下文信息。<br/><br/>允许使用带有变量的模板。",
                        "label": "HTTP 请求正文",
                        "type": "string"
                    },
                    "max_retries": {
                        "default": 2,
                        "description": "HTTP 请求失败最大重试次数",
                        "label": "HTTP 请求重试次数",
                        "minimum": 1,
                        "type": "number"
                    },
                    "request_timeout": {
                        "default": "15s",
                        "description": "HTTP 请求超时",
                        "label": "HTTP 请求超时",
                        "type": "duration"
                    }
                },
                "type": "object"
            },
            "bridge_webhook.post": {
                "required": [
                    "url",
                    "name",
                    "type"
                ],
                "properties": {
                    "type": {
                        "description": "Bridge 类型",
                        "label": "Bridge 类型",
                        "symbols": [
                            "webhook"
                        ],
                        "type": "enum"
                    },
                    "name": {
                        "description": "Bridge 名字，Bridge 的可读描述",
                        "label": "Bridge 名字",
                        "type": "string"
                    },
                    "enable": {
                        "default": true,
                        "description": "启用/禁用 Bridge",
                        "label": "启用/禁用 Bridge",
                        "type": "boolean"
                    },
                    "resource_opts": {
                        "default": {},
                        "description": "资源相关的选项。",
                        "label": "资源选项",
                        "$ref": "#/components/schemas/bridge_webhook.creation_opts"
                    },
                    "connect_timeout": {
                        "default": "15s",
                        "description": "连接HTTP服务器的超时时间。",
                        "label": "连接超时",
                        "type": "duration"
                    },
                    "retry_interval": {
                        "deprecated": true,
                        "description": "retry_interval Description",
                        "label": "retry_interval",
                        "type": "duration"
                    },
                    "pool_type": {
                        "default": "random",
                        "description": "连接池的类型，可用类型有`random`, `hash`。",
                        "label": "连接池类型",
                        "symbols": [
                            "random",
                            "hash"
                        ],
                        "type": "enum"
                    },
                    "pool_size": {
                        "default": 8,
                        "description": "连接池大小。",
                        "label": "连接池大小",
                        "type": "string"
                    },
                    "enable_pipelining": {
                        "default": 100,
                        "description": "正整数，设置最大可发送的异步 HTTP 请求数量。当设置为 1 时，表示每次发送完成 HTTP 请求后都需要等待服务器返回，再继续发送下一个请求。",
                        "label": "HTTP 管道",
                        "type": "string"
                    },
                    "request": {
                        "description": "设置 HTTP 请求的参数。",
                        "label": "HTTP 请求",
                        "$ref": "#/components/schemas/connector-http.request"
                    },
                    "ssl": {
                        "default": {
                            "enable": false
                        },
                        "description": "启用 SSL 连接。",
                        "label": "启用SSL",
                        "$ref": "#/components/schemas/broker.ssl_client_opts"
                    },
                    "url": {
                        "description": "HTTP Bridge 的 URL。<br/><br/>路径中允许使用带变量的模板，但是 host， port 不允许使用变量模板。<br/><br/>例如，<code> http://localhost:9901/${topic} </code> 是允许的，<br/>但是<code> http://${host}:9901/message </code><br/>或 <code> http://localhost:${port}/message </code><br/>不允许。",
                        "label": "HTTP Bridge",
                        "type": "string"
                    },
                    "direction": {
                        "deprecated": true,
                        "description": "已废弃，Bridge 的方向，必须是 egress",
                        "label": "Bridge 方向",
                        "symbols": [
                            "egress"
                        ],
                        "type": "enum"
                    },
                    "local_topic": {
                        "description": "发送到 'local_topic' 的消息都会转发到 HTTP 服务器。 <br/><br/>注意：如果这个 Bridge 被用作规则（EMQX 规则引擎）的输出，同时也配置了 'local_topic' ，那么这两部分的消息都会被转发到 HTTP 服务器。",
                        "label": "本地 Topic",
                        "type": "string"
                    },
                    "method": {
                        "default": "post",
                        "description": "HTTP 请求的方法。 所有可用的方法包括：post、put、get、delete。<br/><br/>允许使用带有变量的模板。",
                        "label": "HTTP 请求方法",
                        "symbols": [
                            "post",
                            "put",
                            "get",
                            "delete"
                        ],
                        "type": "enum"
                    },
                    "headers": {
                        "default": {
                            "accept": "application/json",
                            "cache-control": "no-cache",
                            "connection": "keep-alive",
                            "content-type": "application/json",
                            "keep-alive": "timeout=5"
                        },
                        "description": "HTTP 请求的标头。<br/><br/>允许使用带有变量的模板。",
                        "label": "HTTP 请求标头",
                        "type": "object"
                    },
                    "body": {
                        "description": "HTTP 请求的正文。<br/><br/>如果没有设置该字段，请求正文将是包含所有可用字段的 JSON object。<br/><br/>如果该 webhook 是由于收到 MQTT 消息触发的，'所有可用字段' 将是 MQTT 消息的<br/>上下文信息；如果该 webhook 是由于规则触发的，'所有可用字段' 则为触发事件的上下文信息。<br/><br/>允许使用带有变量的模板。",
                        "label": "HTTP 请求正文",
                        "type": "string"
                    },
                    "max_retries": {
                        "default": 2,
                        "description": "HTTP 请求失败最大重试次数",
                        "label": "HTTP 请求重试次数",
                        "minimum": 1,
                        "type": "number"
                    },
                    "request_timeout": {
                        "default": "15s",
                        "description": "HTTP 请求超时",
                        "label": "HTTP 请求超时",
                        "type": "duration"
                    }
                },
                "type": "object"
            },
            "bridge_webhook.put": {
                "required": [
                    "url"
                ],
                "properties": {
                    "enable": {
                        "default": true,
                        "description": "启用/禁用 Bridge",
                        "label": "启用/禁用 Bridge",
                        "type": "boolean"
                    },
                    "resource_opts": {
                        "default": {},
                        "description": "资源相关的选项。",
                        "label": "资源选项",
                        "$ref": "#/components/schemas/bridge_webhook.creation_opts"
                    },
                    "connect_timeout": {
                        "default": "15s",
                        "description": "连接HTTP服务器的超时时间。",
                        "label": "连接超时",
                        "type": "duration"
                    },
                    "retry_interval": {
                        "deprecated": true,
                        "description": "retry_interval Description",
                        "label": "retry_interval",
                        "type": "duration"
                    },
                    "pool_type": {
                        "default": "random",
                        "description": "连接池的类型，可用类型有`random`, `hash`。",
                        "label": "连接池类型",
                        "symbols": [
                            "random",
                            "hash"
                        ],
                        "type": "enum"
                    },
                    "pool_size": {
                        "default": 8,
                        "description": "连接池大小。",
                        "label": "连接池大小",
                        "type": "string"
                    },
                    "enable_pipelining": {
                        "default": 100,
                        "description": "正整数，设置最大可发送的异步 HTTP 请求数量。当设置为 1 时，表示每次发送完成 HTTP 请求后都需要等待服务器返回，再继续发送下一个请求。",
                        "label": "HTTP 管道",
                        "type": "string"
                    },
                    "request": {
                        "description": "设置 HTTP 请求的参数。",
                        "label": "HTTP 请求",
                        "$ref": "#/components/schemas/connector-http.request"
                    },
                    "ssl": {
                        "default": {
                            "enable": false
                        },
                        "description": "启用 SSL 连接。",
                        "label": "启用SSL",
                        "$ref": "#/components/schemas/broker.ssl_client_opts"
                    },
                    "url": {
                        "description": "HTTP Bridge 的 URL。<br/><br/>路径中允许使用带变量的模板，但是 host， port 不允许使用变量模板。<br/><br/>例如，<code> http://localhost:9901/${topic} </code> 是允许的，<br/>但是<code> http://${host}:9901/message </code><br/>或 <code> http://localhost:${port}/message </code><br/>不允许。",
                        "label": "HTTP Bridge",
                        "type": "string"
                    },
                    "direction": {
                        "deprecated": true,
                        "description": "已废弃，Bridge 的方向，必须是 egress",
                        "label": "Bridge 方向",
                        "symbols": [
                            "egress"
                        ],
                        "type": "enum"
                    },
                    "local_topic": {
                        "description": "发送到 'local_topic' 的消息都会转发到 HTTP 服务器。 <br/><br/>注意：如果这个 Bridge 被用作规则（EMQX 规则引擎）的输出，同时也配置了 'local_topic' ，那么这两部分的消息都会被转发到 HTTP 服务器。",
                        "label": "本地 Topic",
                        "type": "string"
                    },
                    "method": {
                        "default": "post",
                        "description": "HTTP 请求的方法。 所有可用的方法包括：post、put、get、delete。<br/><br/>允许使用带有变量的模板。",
                        "label": "HTTP 请求方法",
                        "symbols": [
                            "post",
                            "put",
                            "get",
                            "delete"
                        ],
                        "type": "enum"
                    },
                    "headers": {
                        "default": {
                            "accept": "application/json",
                            "cache-control": "no-cache",
                            "connection": "keep-alive",
                            "content-type": "application/json",
                            "keep-alive": "timeout=5"
                        },
                        "description": "HTTP 请求的标头。<br/><br/>允许使用带有变量的模板。",
                        "label": "HTTP 请求标头",
                        "type": "object"
                    },
                    "body": {
                        "description": "HTTP 请求的正文。<br/><br/>如果没有设置该字段，请求正文将是包含所有可用字段的 JSON object。<br/><br/>如果该 webhook 是由于收到 MQTT 消息触发的，'所有可用字段' 将是 MQTT 消息的<br/>上下文信息；如果该 webhook 是由于规则触发的，'所有可用字段' 则为触发事件的上下文信息。<br/><br/>允许使用带有变量的模板。",
                        "label": "HTTP 请求正文",
                        "type": "string"
                    },
                    "max_retries": {
                        "default": 2,
                        "description": "HTTP 请求失败最大重试次数",
                        "label": "HTTP 请求重试次数",
                        "minimum": 1,
                        "type": "number"
                    },
                    "request_timeout": {
                        "default": "15s",
                        "description": "HTTP 请求超时",
                        "label": "HTTP 请求超时",
                        "type": "duration"
                    }
                },
                "type": "object"
            },
            "broker.ssl_client_opts": {
                "properties": {
                    "cacertfile": {
                        "description": "受信任的PEM格式 CA  证书捆绑文件<br/><br/>此文件中的证书用于验证TLS对等方的证书。<br/>如果要信任新 CA，请将新证书附加到文件中。<br/>无需重启EMQX即可加载更新的文件，因为系统会定期检查文件是否已更新（并重新加载）<br/><br/>注意：从文件中失效（删除）证书不会影响已建立的连接。",
                        "label": "CA 证书文件",
                        "type": "string"
                    },
                    "certfile": {
                        "description": "PEM格式证书链文件<br/><br/>此文件中的证书应与证书颁发链的顺序相反。也就是说，主机的证书应该放在文件的开头，<br/>然后是直接颁发者 CA 证书，依此类推，一直到根 CA 证书。<br/>根 CA 证书是可选的，如果想要添加，应加到文件到最末端。",
                        "label": "证书文件",
                        "type": "string"
                    },
                    "keyfile": {
                        "description": "PEM格式的私钥文件。",
                        "label": "私钥文件",
                        "type": "string"
                    },
                    "verify": {
                        "default": "verify_none",
                        "description": "启用或禁用对等验证。",
                        "label": "对等验证",
                        "symbols": [
                            "verify_peer",
                            "verify_none"
                        ],
                        "type": "enum"
                    },
                    "reuse_sessions": {
                        "default": true,
                        "description": "启用 TLS 会话重用。",
                        "label": "TLS 会话重用",
                        "type": "boolean"
                    },
                    "depth": {
                        "default": 10,
                        "description": "在有效的证书路径中，可以跟随对等证书的非自颁发中间证书的最大数量。<br/>因此，如果深度为0，则对等方必须由受信任的根 CA 直接签名；<br/><br/>如果是1，路径可以是 PEER、中间 CA、ROOT-CA；<br/><br/>如果是2，则路径可以是PEER、中间 CA1、中间 CA2、ROOT-CA。",
                        "label": "CA 证书深度",
                        "type": "number"
                    },
                    "password": {
                        "description": "包含用户密码的字符串。仅在私钥文件受密码保护时使用。",
                        "example": "",
                        "format": "password",
                        "label": "秘钥文件密码",
                        "type": "string"
                    },
                    "versions": {
                        "default": [
                            "tlsv1.3",
                            "tlsv1.2",
                            "tlsv1.1",
                            "tlsv1"
                        ],
                        "description": "支持所有TLS/DTLS版本<br/><br/>注：PSK 的 Ciphers 无法在 <code>tlsv1.3</code> 中使用，如果打算使用 PSK 密码套件，请确保这里配置为 <code>[\"tlsv1.2\",\"tlsv1.1\"]</code>。",
                        "items": {
                            "type": "string"
                        },
                        "label": "SSL 版本",
                        "type": "array"
                    },
                    "ciphers": {
                        "default": "",
                        "description": "此配置保存由逗号分隔的 TLS 密码套件名称，或作为字符串数组。例如<br/><code>\"TLS_AES_256_GCM_SHA384,TLS_AES_128_GCM_SHA256\"</code>或<br/><code>[\"TLS_AES_256_GCM_SHA384\",\"TLS_AES_128_GCM_SHA256\"]</code>。<br/><br/><br/>密码（及其顺序）定义了客户端和服务器通过网络连接加密信息的方式。<br/>选择一个好的密码套件对于应用程序的数据安全性、机密性和性能至关重要。<br/><br/>名称应为 OpenSSL 字符串格式（而不是 RFC 格式）。<br/>EMQX 配置文档提供的所有默认值和示例都是 OpenSSL 格式<br/><br/>注意：某些密码套件仅与特定的 TLS <code>版本</code>兼容（'tlsv1.1'、'tlsv1.2'或'tlsv1.3'）。<br/>不兼容的密码套件将被自动删除。<br/><br/>例如，如果只有 <code>versions</code> 仅配置为 <code>tlsv1.3</code>。为其他版本配置密码套件将无效。<br/><br/><br/><br/>注：PSK 的 Ciphers 不支持 tlsv1.3<br/><br/>如果打算使用PSK密码套件 <code>tlsv1.3</code>。应在<code>ssl.versions</code>中禁用。<br/><br/><br/><br/>PSK 密码套件：<br/><code>\"RSA-PSK-AES256-GCM-SHA384,RSA-PSK-AES256-CBC-SHA384,<br/>RSA-PSK-AES128-GCM-SHA256,RSA-PSK-AES128-CBC-SHA256,<br/>RSA-PSK-AES256-CBC-SHA,RSA-PSK-AES128-CBC-SHA,<br/>RSA-PSK-DES-CBC3-SHA,RSA-PSK-RC4-SHA\"</code>",
                        "items": {
                            "type": "string"
                        },
                        "label": "",
                        "type": "array"
                    },
                    "user_lookup_fun": {
                        "default": "emqx_tls_psk:lookup",
                        "description": "用于查找预共享密钥（PSK）标识的 EMQX 内部回调。",
                        "label": "SSL PSK 用户回调",
                        "type": "string"
                    },
                    "secure_renegotiate": {
                        "default": true,
                        "description": "SSL 参数重新协商是一种允许客户端和服务器动态重新协商 SSL 连接参数的功能。<br/>RFC 5746 定义了一种更安全的方法。通过启用安全的重新协商，您就失去了对不安全的重新协商的支持，从而容易受到 MitM 攻击。",
                        "label": "SSL 重新协商",
                        "type": "boolean"
                    },
                    "hibernate_after": {
                        "default": "5s",
                        "description": " 在闲置一定时间后休眠 SSL 进程，减少其内存占用。",
                        "label": "闲置多久后休眠",
                        "type": "duration"
                    },
                    "enable": {
                        "default": false,
                        "description": "启用 TLS。",
                        "label": "启用 TLS",
                        "type": "boolean"
                    },
                    "server_name_indication": {
                        "description": "指定要在 TLS 服务器名称指示扩展中使用的主机名。<br/><br/>例如，当连接到 \"server.example.net\" 时，接受连接并执行 TLS 握手的真正服务器可能与 TLS 客户端最初连接到的主机不同，<br/>例如，当连接到 IP 地址时，或者当主机具有多个可解析的 DNS 记录时<br/><br/>如果未指定，它将默认为使用的主机名字符串<br/>建立连接，除非使用 IP 地址<br/><br/>然后，主机名也用于对等机的主机名验证证书<br/><br/>特殊值 <code>disable</code> 阻止发送服务器名称指示扩展，并禁用主机名验证检查。",
                        "example": "disable",
                        "label": "服务器名称指示",
                        "oneOf": [
                            {
                                "type": "string"
                            },
                            {
                                "symbols": [
                                    "disable"
                                ],
                                "type": "enum"
                            }
                        ]
                    }
                },
                "type": "object"
            },
            "connector-http.request": {
                "properties": {
                    "method": {
                        "description": "HTTP 请求方法。",
                        "label": "HTTP 请求方法",
                        "type": "string"
                    },
                    "path": {
                        "description": "HTTP请求路径。",
                        "label": "HTTP请求路径",
                        "type": "string"
                    },
                    "body": {
                        "description": "HTTP请求报文主体。",
                        "label": "HTTP请求报文主体",
                        "type": "string"
                    },
                    "headers": {
                        "description": "HTTP 头字段列表。",
                        "label": "HTTP 头字段列表",
                        "type": "object"
                    },
                    "max_retries": {
                        "description": "请求出错时的最大重试次数。",
                        "label": "最大重试次数",
                        "minimum": 1,
                        "type": "number"
                    },
                    "request_timeout": {
                        "description": "HTTP 请求超时。",
                        "label": "HTTP 请求超时",
                        "type": "duration"
                    }
                },
                "type": "object"
            },
            "connector-mqtt.egress": {
                "required": [
                    "remote"
                ],
                "properties": {
                    "local": {
                        "description": "如何从本地 Broker 接收消息相关的配置。",
                        "label": "本地配置",
                        "$ref": "#/components/schemas/connector-mqtt.egress_local"
                    },
                    "remote": {
                        "description": "发送消息到远程 Broker 相关的配置。",
                        "label": "远程配置",
                        "$ref": "#/components/schemas/connector-mqtt.egress_remote"
                    }
                },
                "type": "object"
            },
            "connector-mqtt.egress_local": {
                "properties": {
                    "topic": {
                        "description": "要转发到远程broker的本地主题",
                        "label": "本地主题",
                        "type": "string"
                    }
                },
                "type": "object"
            },
            "connector-mqtt.egress_remote": {
                "required": [
                    "topic"
                ],
                "properties": {
                    "topic": {
                        "description": "转发到远程broker的哪个topic。<br/><br/>允许使用带有变量的模板。",
                        "label": "远程主题",
                        "type": "string"
                    },
                    "qos": {
                        "default": 1,
                        "description": "待发送 MQTT 消息的 QoS。<br/><br/>允许使用带有变量的模板。",
                        "label": "远程 QoS",
                        "oneOf": [
                            {
                                "type": "string"
                            },
                            {
                                "symbols": [
                                    0,
                                    1,
                                    2
                                ],
                                "type": "enum"
                            }
                        ]
                    },
                    "retain": {
                        "default": false,
                        "description": "要发送的 MQTT 消息的“保留”标志。<br/><br/>允许使用带有变量的模板。",
                        "label": "保留消息标志",
                        "oneOf": [
                            {
                                "type": "string"
                            },
                            {
                                "type": "boolean"
                            }
                        ]
                    },
                    "payload": {
                        "description": "要发送的 MQTT 消息的负载。<br/><br/>允许使用带有变量的模板。",
                        "label": "消息负载",
                        "type": "string"
                    }
                },
                "type": "object"
            },
            "connector-mqtt.ingress": {
                "properties": {
                    "remote": {
                        "description": "订阅远程 Broker 相关的配置。",
                        "label": "远程配置",
                        "$ref": "#/components/schemas/connector-mqtt.ingress_remote"
                    },
                    "local": {
                        "description": "发送消息到本地 Broker 相关的配置。",
                        "label": "本地配置",
                        "$ref": "#/components/schemas/connector-mqtt.ingress_local"
                    }
                },
                "type": "object"
            },
            "connector-mqtt.ingress_local": {
                "properties": {
                    "topic": {
                        "description": "向本地broker的哪个topic发送消息。<br/><br/>允许使用带有变量的模板。",
                        "label": "本地主题",
                        "type": "string"
                    },
                    "qos": {
                        "default": "${qos}",
                        "description": "待发送 MQTT 消息的 QoS。<br/><br/>允许使用带有变量的模板。",
                        "label": "本地 QoS",
                        "oneOf": [
                            {
                                "type": "string"
                            },
                            {
                                "symbols": [
                                    0,
                                    1,
                                    2
                                ],
                                "type": "enum"
                            }
                        ]
                    },
                    "retain": {
                        "default": "${retain}",
                        "description": "要发送的 MQTT 消息的“保留”标志。<br/><br/>允许使用带有变量的模板。",
                        "label": "保留消息标志",
                        "oneOf": [
                            {
                                "type": "string"
                            },
                            {
                                "type": "boolean"
                            }
                        ]
                    },
                    "payload": {
                        "description": "要发送的 MQTT 消息的负载。<br/><br/>允许使用带有变量的模板。",
                        "label": "消息负载",
                        "type": "string"
                    }
                },
                "type": "object"
            },
            "connector-mqtt.ingress_remote": {
                "required": [
                    "topic"
                ],
                "properties": {
                    "topic": {
                        "description": "从远程broker的哪个topic接收消息",
                        "label": "远程主题",
                        "type": "string"
                    },
                    "qos": {
                        "default": 1,
                        "description": "订阅远程borker时要使用的 QoS 级别",
                        "label": "远程 QoS",
                        "symbols": [
                            0,
                            1,
                            2
                        ],
                        "type": "enum"
                    }
                },
                "type": "object"
            }
        }
    },
    "info": {
        "title": "EMQX Data Bridge API Schema",
        "version": "0.1.0"
    },
    "paths": {
        "/bridges": {
            "get": {
                "items": {
                    "oneOf": [
                        {
                            "$ref": "#/components/schemas/bridge_mqtt.get"
                        },
                        {
                            "$ref": "#/components/schemas/bridge_webhook.get"
                        }
                    ]
                },
                "type": "array"
            }
        },
        "/bridges/:id": {
            "get": {
                "oneOf": [
                    {
                        "$ref": "#/components/schemas/bridge_mqtt.get"
                    },
                    {
                        "$ref": "#/components/schemas/bridge_webhook.get"
                    }
                ]
            },
            "put": {
                "oneOf": [
                    {
                        "$ref": "#/components/schemas/bridge_mqtt.get"
                    },
                    {
                        "$ref": "#/components/schemas/bridge_webhook.get"
                    }
                ]
            }
        },
        "/bridges/:id/:operation": {},
        "/bridges/:id/enable/:enable": {},
        "/bridges/:id/metrics": {
            "get": {
                "properties": {
                    "metrics": {
                        "description": "Bridge 计数",
                        "label": "Bridge 计数",
                        "$ref": "#/components/schemas/bridge.metrics"
                    },
                    "node_metrics": {
                        "description": "节点的计数器",
                        "items": {
                            "$ref": "#/components/schemas/bridge.node_metrics"
                        },
                        "label": "节点的计数器",
                        "type": "array"
                    }
                },
                "type": "object"
            }
        },
        "/bridges/:id/metrics/reset": {},
        "/bridges_probe": {},
        "/nodes/:node/bridges/:id/:operation": {}
    }
}